R1	R2	R3	P1	P2	P3	P4	P5	ID	Reaction_Energy	Reaction_Energy_Woon	Reaction_Energy_Woon(kJ/mol)	Reaction_Energy(kJ/mol)
C2_0	H1C1N1_0	nan	H1_0	C3N1_6	nan	nan	nan	0	0.05686999576999874	0.002232000000020662	5.860119868675946	149.31227246424803
C2_0	H1C1N1_1	nan	H1_0	C3N1_6	nan	nan	nan	0	0.024963165034998624	-0.021424999999965166	-56.251374634863694	65.5408330668808
O1_0	H2C1_0	nan	H1_0	H1C1O1_0	nan	nan	nan	1	-0.2517353107270006	-0.13818400000000963	-362.8023315079199	-660.9314946348358
O1_0	H2C1_0	nan	C1O1_0	H2_0	nan	nan	nan	2	-0.3676331575580001	-0.2810439999999943	-737.8815091204675	-965.2214923699676
O1_0	H2C1_0	nan	C1O1_0	H1_0	H1_0	nan	nan	3	-0.17191319678499986	-0.10802799999999024	-283.627701239878	-451.3583961281584
O1_0	H1C1O1_0	nan	H1_0	C1O2_1	nan	nan	nan	4	-0.3373587465610015	-0.1742829999999742	-457.5803185765432	-885.7359738241206
O1_0	H1C1O1_0	nan	C1O1_0	H1O1_0	nan	nan	nan	5	-0.18564884061300013	-0.1414699999999698	-371.42973020328617	-487.4213528059252
O1_0	H1C1N1_0	nan	C1O1_0	H1N1_0	nan	nan	nan	6	-0.05274445066200073	-0.05183799999997518	-136.10075884832713	-138.48064663258396
O1_0	H1C1N1_1	nan	C1O1_0	H1N1_0	nan	nan	nan	6	-0.08465128139700084	-0.07549499999998943	-198.2122533519414	-222.2520860299512
O1_0	H1C1N1_0	nan	C1N1_0	H1O1_0	nan	nan	nan	7	-0.050861343898999316	0.03794700000000262	99.62991427177552	-133.53654656242244
O1_0	H1C1N1_1	nan	C1N1_0	H1O1_0	nan	nan	nan	7	-0.08276817463399944	0.014289999999988368	37.51841976816125	-217.3079859597897
O1_0	H1N1O1_1	nan	N1O1_0	H1O1_0	nan	nan	nan	8	-0.13433501472700016	-0.08767599999998765	-230.193489964697	-352.6968140023665
O1_0	H2N1_0	nan	H1N1_0	H1O1_0	nan	nan	nan	9	-0.05440968662199985	-0.016550999999992655	-43.45467918705855	-142.85272653183762
O1_0	H2N1_0	nan	H1_0	H1N1O1_1	nan	nan	nan	10	-0.1680956946459995	-0.035939000000013266	-94.35790679143054	-441.33553764551425
O1_0	N1O2_0	nan	N1O1_0	O2_0	nan	nan	nan	11	-0.059570296156998374	-0.07571700000005421	-198.79511473689377	-156.40191581062052
O1_0	H1O2_0	nan	O2_0	H1O1_0	nan	nan	nan	12	-0.10607777208600133	-0.0860460000000387	-225.91392213962794	-278.5073744714608
O1_0	C1N1O1_1	nan	C1O1_0	N1O1_0	nan	nan	nan	13	-0.15646625605899803	-0.15263599999994426	-400.7460825567271	-410.80242647857733
O1_0	C3_0	nan	C2_0	C1O1_0	nan	nan	nan	14	-0.3065555480329998	-0.1359499999999798	-356.93696063575345	-804.8621226991019
O1_0	H3C2_0	nan	H1O1_0	H2C2_0	nan	nan	nan	15	-0.2032498928129982	-0.10629900000000703	-279.08820874312687	-533.6329458641046
O1_0	H3C2_0	nan	H1_0	H2C2O1_1	nan	nan	nan	16	-0.279772915341999	-0.1376160000000084	-361.31104652342873	-734.5442741477888
O1_0	H1C3_1	nan	C1O1_0	H1C2_0	nan	nan	nan	17	-0.27731987105399897	-0.187862999999993	-493.23463211417436	-728.1038021178974
O1_0	H1C3_2	nan	C1O1_0	H1C2_0	nan	nan	nan	17	-0.29906699426399896	-0.18503199999997832	-485.80183670729537	-785.2009117990286
O1_0	H1C3_1	nan	H1_0	C3O1_1	nan	nan	nan	18	-0.28340978267400097	-0.1563820000000078	-410.58121204966136	-744.092875631573
O1_0	H1C3_2	nan	H1_0	C3O1_1	nan	nan	nan	18	-0.3051569058840009	-0.1535509999999931	-403.1484166427823	-801.189985312704
O1_0	C3N1_6	nan	C1O1_0	C2N1_0	nan	nan	nan	19	-0.1834371365599985	-0.15442699999999832	-405.448356161126	-481.61451998132577
O1_0	C3O1_1	nan	C1O1_0	C2O1_1	nan	nan	nan	20	-0.16382243044499845	-0.12103700000000117	-317.78285328780083	-430.11607507913607
O1_0	C3O1_1	nan	O2_0	C3_0	nan	nan	nan	21	0.0834676360540012	0.08816199999995433	231.4694838069707	219.1444231303483
O1_0	C4_3	nan	C1O1_0	C3_0	nan	nan	nan	22	-0.2433740491429983	-0.24259000000000697	-636.9204654699726	-638.9789878538522
O1_0	H3C1_0	nan	H1_0	C1O1_0	H2_0	nan	nan	23	-0.16562733793399964	-0.09717700000000207	-255.13838193237586	-434.85486281987085
O1_0	H3C1_0	nan	H1_0	H2C1O1_0	nan	nan	nan	24	-0.2367396555939996	-0.10528100000000506	-276.4154479786697	-621.5603760918706
O1_0	H2C1N1_1	nan	H1O1_0	H1C1N1_0	nan	nan	nan	25	-0.20592196217299907	-0.12285899999997696	-322.5665174457251	-540.6484686001603
O1_0	H2C1N1_1	nan	H1O1_0	H1C1N1_1	nan	nan	nan	25	-0.17401513143799896	-0.09920199999999113	-260.4550229421854	-456.87702920279304
O1_0	H2C3_1	nan	C1O1_0	H2C2_0	nan	nan	nan	26	-0.3363955764099984	-0.26211799999998675	-688.1912633168928	-883.207168923244
O1_0	H2C3_2	nan	C1O1_0	H2C2_0	nan	nan	nan	26	-0.3368930051839989	-0.259539999999987	-681.4227198485661	-884.5131690315524
O1_0	H2C3_3	nan	C1O1_0	H2C2_0	nan	nan	nan	26	-0.3157865426629982	-0.2379889999999989	-624.8405319952523	-829.0981150998161
O1_0	C5_1	nan	C1O1_0	C4_3	nan	nan	nan	27	-0.22431272642799985	-0.12623400000001084	-331.42758579554436	-588.9334520275204
O1_0	H1C4_5	nan	C1O1_0	H1C3_1	nan	nan	nan	28	-0.20683275099099951	-0.16792999999998415	-440.9005060652101	-543.0397462204484
O1_0	H1C4_5	nan	C1O1_0	H1C3_2	nan	nan	nan	28	-0.1850856277809996	-0.1707609999999704	-448.33330147201457	-485.9426365393172
O1_0	C4N1_23	nan	C1O1_0	C3N1_6	nan	nan	nan	29	-0.26864622113799896	-0.19377500000001646	-508.7565983612303	-705.3311192298057
H1C1_0	N1O1_0	nan	C1N1_0	H1O1_0	nan	nan	nan	30	-0.11509048543699762	-0.07853399999999056	-206.1911531193016	-302.17026899581816
H1C1_0	N1O1_0	nan	N1_0	H1C1O1_0	nan	nan	nan	31	0.00465054229000117	-0.06821800000000167	-179.10647723908818	12.21000684296654
H1C1_0	N1O1_0	nan	O1_0	H1C1N1_0	nan	nan	nan	32	-0.0642291415379983	-0.11648099999999317	-305.8210673910771	-168.63372243339566
H1C1_0	N1O1_0	nan	O1_0	H1C1N1_1	nan	nan	nan	32	-0.03232231080299819	-0.09282399999997892	-243.70957288746285	-84.86228303602844
H1C1_0	O2_0	nan	C1O1_0	H1O1_0	nan	nan	nan	33	-0.2625554644739996	-0.2545749999999316	-668.3871037428172	-689.3398270516503
H1C1_0	O2_0	nan	O1_0	H1C1O1_0	nan	nan	nan	34	-0.07690662386099945	-0.11310499999996182	-296.95737353953115	-201.91847424572512
H1C1_0	H1N1O1_1	nan	N1O1_0	H2C1_0	nan	nan	nan	35	-0.061945478338000015	-0.08340499999997064	-218.97997206192687	-162.63796074363302
H1C1_0	H2C2_0	nan	H1_0	H2C3_1	nan	nan	nan	36	-0.028599038540999544	-0.013264999999989868	-34.8272804915804	-75.08682525877649
H1C1_0	H2C2_0	nan	H1_0	H2C3_2	nan	nan	nan	36	-0.028101609766999932	-0.015842999999989615	-41.595823959907136	-73.78082515047038
H1C1_0	H2C2_0	nan	H1_0	H2C3_3	nan	nan	nan	36	-0.049208072287999734	-0.03739399999997772	-98.17801181322099	-129.19587908220436
H1C1_0	C3_0	nan	H1_0	C4_3	nan	nan	nan	37	-0.1216205658080014	-0.03279299999996965	-86.09807833850068	-319.31500632817284
H1C1_0	C3_0	nan	C2_0	H1C2_0	nan	nan	nan	38	-0.15111342612599898	0.0026249999999947704	6.891942049776574	-396.74856221167744
C2_0	H1C1_0	nan	H1_0	C3_0	nan	nan	nan	39	-0.05843906691799994	-0.1394329999999826	-366.08158317268254	-153.43187148292313
C2_0	H1C1_0	nan	C1_0	H1C2_0	nan	nan	nan	40	0.0535917318300001	-0.044039999999966994	-115.62709633239525	140.70518480771932
H1C1_0	C4_3	nan	H1_0	C5_1	nan	nan	nan	41	-0.14068188852300167	-0.1491489999999942	-391.59095801300344	-369.3605421545094
C2_0	H2C2_0	nan	H1_0	H1C4_5	nan	nan	nan	42	0.06036803029299875	-0.004220999999972719	-11.082242815991183	158.49636816736495
C1N1_0	N1O1_0	nan	N1_0	C1N1O1_1	nan	nan	nan	43	0.0905584431730002	0.021481999999934942	56.401028233579794	237.761349511446
C1N1_0	N1O1_0	nan	C1O1_0	N2_0	nan	nan	nan	44	-0.16147102429700055	-0.2452639999999917	-643.9410571046523	-423.94245416198476
C1N1_0	O2_0	nan	O1_0	C1N1O1_1	nan	nan	nan	45	0.009001277021997822	-0.02340499999999679	-61.449868066788554	23.63286842274973
C1N1_0	O2_0	nan	C1O1_0	N1O1_0	nan	nan	nan	46	-0.14746497903700018	-0.17604099999994105	-462.19595062351567	-387.1695580558275
C1N1_0	H1C1O1_0	nan	C1O1_0	H1C1N1_0	nan	nan	nan	47	-0.13478749671399906	-0.17941699999994398	-471.059644474987	-353.8848062434981
C1N1_0	H1C1O1_0	nan	C1O1_0	H1C1N1_1	nan	nan	nan	47	-0.10288066597899892	-0.15575999999995815	-408.94814997144744	-270.1133668461308
C1N1_0	H1O1_0	nan	H1_0	C1N1O1_1	nan	nan	nan	48	-0.09343787345500232	-0.0442130000000418	-116.0813081324445	-245.32129870762503
C1N1_0	H1O1_0	nan	O1_0	H1C1N1_0	nan	nan	nan	49	0.050861343898999316	-0.03794700000000262	-99.62991427177552	133.53654656242244
C1N1_0	H1O1_0	nan	O1_0	H1C1N1_1	nan	nan	nan	49	0.08276817463399944	-0.014289999999988368	-37.51841976816125	217.3079859597897
C1N1_0	H1N1O1_1	nan	N1O1_0	H1C1N1_0	nan	nan	nan	50	-0.08347367082799906	-0.12562299999999027	-329.82340423647247	-219.16026743993942
C1N1_0	H1N1O1_1	nan	N1O1_0	H1C1N1_1	nan	nan	nan	50	-0.05156684009299895	-0.10196599999997602	-267.71190973285826	-135.38882804257221
C1N1_0	H2C2_0	nan	H1_0	H1C3N1_8	nan	nan	nan	51	0.07037777308899963	0.10123100000001273	265.7821659590133	184.77696522768647
C1N1_0	H2C2_0	nan	H1_0	H1C3N1_13	nan	nan	nan	51	0.054825781144000274	0.05750999999995088	150.99260467927692	143.945183420547
C1N1_0	H2C2_0	nan	H1_0	H1C3N1_21	nan	nan	nan	51	-0.017366592911001174	-0.02492899999998599	-65.45113270823846	-45.59601978854065
C1N1_0	H2C2_0	nan	H1_0	H1C3N1_23	nan	nan	nan	51	0.01430996245399996	0.018304000000000542	48.05718372547256	37.57083122576868
C1N1_0	H3N1_0	nan	H1C1N1_0	H2N1_0	nan	nan	nan	52	0.009226162068999956	-0.028479000000004362	-74.77166386133642	24.223304503436612
C1N1_0	H3N1_0	nan	H1C1N1_1	H2N1_0	nan	nan	nan	52	0.04113299280400007	-0.004821999999990112	-12.660169357722172	107.99474390080384
C1O1_0	H1O1_0	nan	H1_0	C1O2_1	nan	nan	nan	53	-0.15170990594800138	-0.03281300000000442	-86.15058837325704	-398.3146210181954
C1O1_0	H1N1O1_1	nan	H1N1_0	C1O2_1	nan	nan	nan	54	-0.03802389792400085	-0.013424999999983811	-35.24736076888506	-99.83180990451646
H1N1_0	H1N1_0	nan	H2_0	N2_0	nan	nan	nan	55	-0.33785794650300005	-0.2639329999999944	-692.956548962768	-887.0466241370776
H1N1_0	H1N1_0	nan	H1_0	H1_0	N2_0	nan	nan	56	-0.1421379857299998	-0.09091699999999037	-238.70274108217856	-373.18352789526847
H1N1_0	H1N1_0	nan	N1_0	H2N1_0	nan	nan	nan	57	-0.009615019501000077	-0.024818000000010443	-65.15970201591152	-25.244250365141415
H1N1_0	N1O1_0	nan	N2_0	H1O1_0	nan	nan	nan	58	-0.15958791753400092	-0.1554789999999855	-408.21038398447496	-418.99835409182793
H1N1_0	N1O1_0	nan	H1_0	O1_0	N2_0	nan	nan	59	0.105883037021	0.016147000000017897	42.39397648689044	277.99609722077463
H1N1_0	N1O1_0	nan	H1_0	N2O1_1	nan	nan	nan	60	-0.20569427253500014	-0.04950499999998215	-129.97546330466514	-540.0506690609502
N1O1_0	H2N1_0	nan	N2_0	H2O1_0	nan	nan	nan	61	-0.1972131649150004	-0.1975219999999922	-518.5943533556674	-517.7835063047319
N1O1_0	H2N1_0	nan	H1_0	N2_0	H1O1_0	nan	nan	62	0.05147335039900014	-0.0004040000000031796	-1.0607027002427414	135.143370688937
H1O1_0	H2C1_0	nan	H1C1_0	H2O1_0	nan	nan	nan	63	-0.05560509714800066	-0.02976300000000265	-78.14280808682936	-145.99127893980216
H1O1_0	H2C1_0	nan	O1_0	H3C1_0	nan	nan	nan	64	0.06346513493099959	-0.012240999999988844	-32.13876671672618	166.62782176250346
H1O1_0	H2C1_0	nan	H1_0	H2C1O1_0	nan	nan	nan	65	-0.17327452066299998	-0.11752199999999391	-308.5542146953959	-454.93255432936706
H1O1_0	H1C1O1_0	nan	C1O1_0	H2O1_0	nan	nan	nan	66	-0.16886440137200154	-0.16696200000001227	-438.35902038749464	-443.3537784869962
H1O1_0	H1N1O1_1	nan	N1O1_0	H2O1_0	nan	nan	nan	67	-0.11755057548600155	-0.11316799999997329	-297.12278014875625	-308.6292396834375
H1O1_0	H2N1_0	nan	H1N1_0	H2O1_0	nan	nan	nan	68	-0.03762524738099948	-0.042043000000006714	-110.3839693711924	-98.78515221290394
H1O1_0	H2N1_0	nan	O1_0	H3N1_0	nan	nan	nan	69	0.04163518182999937	-0.009467999999998256	-24.85825041043908	109.31324205898586
H1O1_0	H1O2_0	nan	O2_0	H2O1_0	nan	nan	nan	70	-0.08929333284500274	-0.11153800000005276	-292.84321232376175	-234.43980015253186
H1O1_0	H2C1O1_0	nan	H1_0	H2C1O2_2	nan	nan	nan	71	-0.061166974224001074	-0.029243999999977177	-76.78017268720394	-160.5939968429839
H1O1_0	H2C1O1_0	nan	H2O1_0	H1C1O1_0	nan	nan	nan	72	-0.061676350823001165	-0.04615400000000136	-121.17740699658329	-161.93136598653737
H1O1_0	H2O2_0	nan	H2O1_0	H1O2_0	nan	nan	nan	73	-0.04712800739300072	-0.048377000000016324	-127.01389734964498	-123.73466509510477
H1O1_0	H3C2_0	nan	H2O1_0	H2C2_0	nan	nan	nan	74	-0.1864654535719996	-0.13179099999996424	-346.0174989271115	-489.56537154517554
O2_0	H1C2_0	nan	C1O1_0	H1C1O1_0	nan	nan	nan	75	-0.23234874576800024	-0.2516799999999648	-660.7862762251358	-610.0320347331497
O2_0	H1C2_0	nan	H1C1_0	C1O2_1	nan	nan	nan	76	-0.20471287737800026	-0.15057999999999083	-395.3480509932803	-537.4740143752405
O2_0	H1C2_0	nan	H1_0	C1O1_0	C1O1_0	nan	nan	77	-0.15252663182599946	-0.22152399999995964	-581.611645957131	-400.4589362264723
H1C2_0	H1C1N1_0	nan	H1_0	H1C3N1_8	nan	nan	nan	78	0.049602957205998166	0.08073300000000927	211.96463143077506	130.23265011884484
H1C2_0	H1C1N1_0	nan	H1_0	H1C3N1_13	nan	nan	nan	78	0.034050965260998815	0.03701199999994742	97.17507015103862	89.40086831170538
H1C2_0	H1C1N1_0	nan	H1_0	H1C3N1_21	nan	nan	nan	78	-0.03814140879400263	-0.04542699999998945	-119.26866723647673	-100.14033489738225
H1C2_0	H1C1N1_0	nan	H1_0	H1C3N1_23	nan	nan	nan	78	-0.006464853429001494	-0.002194000000002916	-5.760350802765723	-16.973483883072927
H1C2_0	H1C1N1_1	nan	H1_0	H1C3N1_8	nan	nan	nan	78	0.017696126470998053	0.05707600000002344	149.85313692723543	46.461210721477634
H1C2_0	H1C1N1_1	nan	H1_0	H1C3N1_13	nan	nan	nan	78	0.002144134525998709	0.013354999999961592	35.06357564749898	5.629428914338173
H1C2_0	H1C1N1_1	nan	H1_0	H1C3N1_21	nan	nan	nan	78	-0.07004823952900274	-0.06908399999997528	-181.38016174001638	-183.9117742947495
H1C2_0	H1C1N1_1	nan	H1_0	H1C3N1_23	nan	nan	nan	78	-0.038371684164001614	-0.025850999999988744	-67.87184530630536	-100.74492328044016
H1C2_0	C3_0	nan	H1_0	C5_1	nan	nan	nan	79	-0.05274996128700238	-0.04513399999999024	-118.49939522863554	-138.4951147880771
C2_0	H1C2_0	nan	H1_0	C4_3	nan	nan	nan	80	0.029492860317997582	-0.03541799999996442	-92.99002038827726	77.43355588350452
H2C1_0	H1N1O1_1	nan	N1O1_0	H3C1_0	nan	nan	nan	81	-0.07086987979599968	-0.0999169999999765	-262.3322566814232	-186.06899223986076
H1C1O1_0	H1C1O1_0	nan	C1O1_0	H2C1O1_0	nan	nan	nan	82	-0.1071880505489986	-0.12080799999998248	-317.18161339083673	-281.42241250045413
H1C1O1_0	H1N1O1_1	nan	N1O1_0	H2C1O1_0	nan	nan	nan	83	-0.055874224663000405	-0.06701399999997193	-175.94537315217298	-146.6978736969002
H1C1O1_0	H3C1_0	nan	C1O1_0	H4C1_0	nan	nan	nan	84	-0.13894350384699905	-0.1474629999999877	-387.16436209072106	-364.7964101746033
H1N1O1_1	H3C1_0	nan	N1O1_0	H4C1_0	nan	nan	nan	85	-0.08762967796100085	-0.09366900000000555	-245.9281218521319	-230.07187137104933
C1_0	C4_3	nan	C2_0	C3_0	nan	nan	nan	86	-0.1415236590659994	-0.05997500000003697	-157.46446645197267	-371.5706121741517
C1_0	C5_1	nan	C3_0	C3_0	nan	nan	nan	87	-0.059280837460999436	-0.050259000000011156	-131.95509161161442	-155.64194150257003
C1_0	H2C1_0	nan	H1C1_0	H1C1_0	nan	nan	nan	88	0.0007574049030001362	0.035267999999987865	92.59619512835079	1.9885678856015183
C1_0	H2C1_0	nan	H1_0	H1C2_0	nan	nan	nan	89	-0.20879508814099967	-0.10153999999998575	-266.5934459945178	-548.1918658090013
C1_0	H2N1_0	nan	H1_0	H1C1N1_0	nan	nan	nan	90	-0.29351290961899945	-0.20055699999998922	-526.5627511160836	-770.6186529369461
C1_0	H2N1_0	nan	H1_0	H1C1N1_1	nan	nan	nan	90	-0.2616060788839993	-0.17689999999998918	-464.45125661250677	-686.8472135395787
C1_0	C1N1_0	nan	N1_0	C2_0	nan	nan	nan	91	0.035942577190999365	0.0514609999999891	135.11094469492713	94.36729871256472
C1_0	N2_0	nan	N1_0	C1N1_0	nan	nan	nan	92	0.053619667266000086	0.0751149999999825	197.2145626932869	140.77852934335647
C1_0	C1O1_0	nan	O1_0	C2_0	nan	nan	nan	93	0.1018503900770007	0.18261499999997	479.4559990179999	267.4083756797052
H1_0	H1C1O1_0	nan	C1O1_0	H2_0	nan	nan	nan	94	-0.11589784683099945	-0.14285999999998467	-375.0791776125475	-304.2899977351318
H1_0	H1C1O1_0	nan	O1_0	H2C1_0	nan	nan	nan	95	0.2517353107270006	0.13818400000000963	362.8023315079199	660.9314946348358
H1_0	H3C2_0	nan	H2_0	H2C2_0	nan	nan	nan	96	-0.1334988990310002	-0.10768899999999348	-282.7376561523136	-350.50159079331826
H1_0	H2C1N1_1	nan	H2_0	H1C1N1_0	nan	nan	nan	97	-0.13617096839100018	-0.12424899999999184	-326.2159648549864	-357.51711352937167
H1_0	H2C1N1_1	nan	H2_0	H1C1N1_1	nan	nan	nan	97	-0.10426413765600008	-0.1005919999999918	-264.1044703514094	-273.7456741320044
H1_0	H1C3N1_8	nan	H1_0	H1C3N1_8	nan	nan	nan	98	0.0	0.0	0.0	0.0
H1_0	H1C3N1_8	nan	H1_0	H1C3N1_13	nan	nan	nan	98	-0.015551991944999344	-0.04372100000006185	-114.78956127973645	-40.831781807139464
H1_0	H1C3N1_8	nan	H1_0	H1C3N1_21	nan	nan	nan	98	-0.0877443660000008	-0.12615999999999872	-331.23329866725186	-230.3729850162271
H1_0	H1C3N1_8	nan	H1_0	H1C3N1_23	nan	nan	nan	98	-0.05606781063499966	-0.08292700000001219	-217.72498223354077	-147.2061340019178
H1_0	H1C3N1_13	nan	H1_0	H1C3N1_8	nan	nan	nan	98	0.015551991944999344	0.04372100000006185	114.78956127973645	40.831781807139464
H1_0	H1C3N1_13	nan	H1_0	H1C3N1_13	nan	nan	nan	98	0.0	0.0	0.0	0.0
H1_0	H1C3N1_13	nan	H1_0	H1C3N1_21	nan	nan	nan	98	-0.07219237405500145	-0.08243899999993687	-216.44373738751534	-189.54120320908766
H1_0	H1C3N1_13	nan	H1_0	H1C3N1_23	nan	nan	nan	98	-0.040515818690000316	-0.039205999999950336	-102.93542095380434	-106.37435219477833
H1_0	H1C3N1_21	nan	H1_0	H1C3N1_8	nan	nan	nan	98	0.0877443660000008	0.12615999999999872	331.23329866725186	230.3729850162271
H1_0	H1C3N1_21	nan	H1_0	H1C3N1_13	nan	nan	nan	98	0.07219237405500145	0.08243899999993687	216.44373738751534	189.54120320908766
H1_0	H1C3N1_21	nan	H1_0	H1C3N1_21	nan	nan	nan	98	0.0	0.0	0.0	0.0
H1_0	H1C3N1_21	nan	H1_0	H1C3N1_23	nan	nan	nan	98	0.031676555365001136	0.04323299999998653	113.50831643371103	83.16685101430934
H1_0	H1C3N1_23	nan	H1_0	H1C3N1_8	nan	nan	nan	98	0.05606781063499966	0.08292700000001219	217.72498223354077	147.2061340019178
H1_0	H1C3N1_23	nan	H1_0	H1C3N1_13	nan	nan	nan	98	0.040515818690000316	0.039205999999950336	102.93542095380434	106.37435219477833
H1_0	H1C3N1_23	nan	H1_0	H1C3N1_21	nan	nan	nan	98	-0.031676555365001136	-0.04323299999998653	-113.50831643371103	-83.16685101430934
H1_0	H1C3N1_23	nan	H1_0	H1C3N1_23	nan	nan	nan	98	0.0	0.0	0.0	0.0
H1_0	H1C1_0	nan	C1_0	H2_0	nan	nan	nan	99	-0.0033959475100000525	-0.04092899999999133	-107.45916044030767	-8.916066073542874
H1_0	H2C1_0	nan	H1C1_0	H2_0	nan	nan	nan	100	-0.0026385426069999163	-0.005661000000010574	-14.86296531197554	-6.927498187941354
H1_0	H3C1_0	nan	H2_0	H2C1_0	nan	nan	nan	101	0.006285858850999747	0.010850999999995281	28.48931930752079	16.50353330828637
H1_0	H4C1_0	nan	H2_0	H3C1_0	nan	nan	nan	102	0.023045657015999588	0.004603000000003021	12.08518447817356	60.506412439471426
H1_0	H1O1_0	nan	O1_0	H2_0	nan	nan	nan	103	0.06975099378199978	-0.0013900000000006685	-3.6494474092240496	183.13135507079096
H1_0	H3N1_0	nan	H2_0	H2N1_0	nan	nan	nan	104	0.028115811951999525	0.008077999999997587	21.208803001215028	73.8181130118028
H1_0	H2O1_0	nan	H2_0	H1O1_0	nan	nan	nan	105	0.0529665545410003	0.02410199999999918	63.27984277487248	139.06378075185964
H1_0	H1C1N1_0	nan	C1N1_0	H2_0	nan	nan	nan	106	0.018889649882999567	0.03655699999998774	95.98046686251415	49.59480850836618
H1_0	H1C1N1_1	nan	C1N1_0	H2_0	nan	nan	nan	106	-0.013017180852000544	0.012899999999987699	33.8689723589372	-34.17663088900104
H1_0	N1O1_0	nan	O1_0	H1N1_0	nan	nan	nan	107	0.2480210227509998	0.10706399999997984	281.09671756899434	651.1796251160432
H1_0	N1O1_0	nan	N1_0	H1O1_0	nan	nan	nan	108	0.18399631662799987	0.06569500000000517	172.4823363660989	483.0826482190641
H1_0	H2C1O1_0	nan	H2_0	H1C1O1_0	nan	nan	nan	109	-0.008709796282000859	-0.022052000000016392	-57.8975642217481	-22.867585234677705
H1_0	H1N1O1_1	nan	H1N1_0	H1O1_0	nan	nan	nan	110	0.11368600802399965	0.01938800000002061	50.90322760437199	298.48281111367663
H1_0	H1N1O1_1	nan	H2_0	N1O1_0	nan	nan	nan	111	-0.06458402094500038	-0.08906600000000253	-233.84293737395834	-169.56545893157556
H1_0	H1N1O1_1	nan	O1_0	H2N1_0	nan	nan	nan	112	0.1680956946459995	0.035939000000013266	94.35790679143054	441.33553764551425
H1_0	O2_0	nan	O1_0	H1O1_0	nan	nan	nan	113	0.10243915047700014	0.020808000000045013	54.63144006565595	268.95416713037474
H1_0	H1O2_0	nan	H2_0	O2_0	nan	nan	nan	114	-0.036326778303999774	-0.08743600000005358	-229.56336954888926	-95.37601940066521
H1_0	H1O2_0	nan	H1O1_0	H1O1_0	nan	nan	nan	115	-0.003638621608999415	-0.06523799999999369	-171.28248207397198	-9.553207341081418
H1_0	H1O2_0	nan	O1_0	H2O1_0	nan	nan	nan	116	0.01314581763199918	-0.09072999999997933	-238.21177225803117	34.5143669778476
H1_0	H2O2_0	nan	H1O1_0	H2O1_0	nan	nan	nan	117	-0.05076662900200013	-0.11361500000001001	-298.29637942361694	-133.28787243618618
H1_0	H2O2_0	nan	H2_0	H1O2_0	nan	nan	nan	118	0.0058385471480004725	-0.024275000000017144	-63.7340545747725	15.329115656757223
H1_0	C1O2_1	nan	C1O1_0	H1O1_0	nan	nan	nan	119	0.15170990594800138	0.03281300000000442	86.15058837325704	398.3146210181954
H1_0	N2O1_1	nan	H1N1_0	N1O1_0	nan	nan	nan	120	0.20569427253500014	0.04950499999998215	129.97546330466514	540.0506690609502
H1_0	N2O1_1	nan	N2_0	H1O1_0	nan	nan	nan	121	0.04610635500099925	-0.10597400000000334	-278.2349206798098	121.05231496912238
H1_0	N1O2_0	nan	N1O1_0	H1O1_0	nan	nan	nan	122	0.04286885432000176	-0.0549090000000092	-144.1636746712378	112.55225131975423
C1_0	H2_0	nan	H1_0	H1C1_0	nan	nan	nan	123	0.0033959475100000525	0.04092899999999133	107.45916044030767	8.916066073542874
H1C1_0	H2_0	nan	H1_0	H2C1_0	nan	nan	nan	124	0.0026385426069999163	0.005661000000010574	14.86296531197554	6.927498187941354
H2_0	H2C1_0	nan	H1_0	H3C1_0	nan	nan	nan	125	-0.006285858850999747	-0.010850999999995281	-28.48931930752079	-16.50353330828637
H2_0	H3C1_0	nan	H1_0	H4C1_0	nan	nan	nan	126	-0.023045657015999588	-0.004603000000003021	-12.08518447817356	-60.506412439471426
O1_0	H2_0	nan	H1_0	H1O1_0	nan	nan	nan	127	-0.06975099378199978	0.0013900000000006685	3.6494474092240496	-183.13135507079096
H2_0	H1O1_0	nan	H1_0	H2O1_0	nan	nan	nan	128	-0.0529665545410003	-0.02410199999999918	-63.27984277487248	-139.06378075185964
N1_0	H2_0	nan	H1_0	H1N1_0	nan	nan	nan	129	-0.00572628765899985	0.042759000000003766	112.26382861219415	-15.034378173811945
H2_0	H1N1_0	nan	H1_0	H2N1_0	nan	nan	nan	130	-0.015341307159999928	0.01794100000000043	47.10412659630126	-40.27862853895336
H2_0	H2N1_0	nan	H1_0	H3N1_0	nan	nan	nan	131	-0.028115811951999525	-0.008077999999997587	-21.208803001215028	-73.8181130118028
H2_0	H1O2_0	nan	H1_0	H2O2_0	nan	nan	nan	132	-0.0058385471480004725	0.024275000000017144	63.7340545747725	-15.329115656757223
N1_0	C2_0	nan	C1_0	C1N1_0	nan	nan	nan	133	-0.035942577190999365	-0.0514609999999891	-135.11094469492713	-94.36729871256472
N1_0	H1C1_0	nan	H1_0	C1N1_0	nan	nan	nan	134	-0.2990868020649993	-0.14422899999999572	-378.6734894854005	-785.2529172148871
N1_0	H1C1_0	nan	C1_0	H1N1_0	nan	nan	nan	135	-0.00912223516899946	0.0018300000000124328	4.804668171886455	-23.950444247353655
N1_0	C1N1_0	nan	C1_0	N2_0	nan	nan	nan	136	-0.053619667266000086	-0.0751149999999825	-197.2145626932869	-140.77852934335647
N1_0	H1N1_0	nan	H1_0	N2_0	nan	nan	nan	137	-0.3435842341619999	-0.22117399999999066	-580.6927203505738	-902.0810023108897
N1_0	N1O1_0	nan	O1_0	N2_0	nan	nan	nan	138	-0.095563211411001	-0.11410999999998239	-299.59600278150486	-250.90137719484895
N1_0	H1O1_0	nan	H1_0	N1O1_0	nan	nan	nan	139	-0.18399631662799987	-0.06569500000000517	-172.4823363660989	-483.0826482190641
N1_0	O2_0	nan	O1_0	N1O1_0	nan	nan	nan	140	-0.08155716615099884	-0.04488699999996015	-117.85089630044297	-214.128481088687
N1_0	H2C1_0	nan	H1_0	H1C1N1_0	nan	nan	nan	141	-0.3206149945549992	-0.18644699999998693	-489.51692165987157	-841.7752239111957
N1_0	H2C1_0	nan	H1_0	H1C1N1_1	nan	nan	nan	141	-0.2887081638199991	-0.1627899999999869	-427.4054271562946	-758.0037845138284
N1_0	H2C1_0	nan	H1C1_0	H1N1_0	nan	nan	nan	142	-0.008364830266000213	0.0370980000000003	97.40086330023725	-21.96187636175447
N1_0	H1C1O1_0	nan	H1_0	C1N1O1_1	nan	nan	nan	143	-0.2131789011820011	-0.05452900000003069	-143.1659840126579	-559.7015745464097
N1_0	H1C1O1_0	nan	C1O1_0	H1N1_0	nan	nan	nan	144	-0.1216241344900002	-0.10010099999996669	-262.815349000316	-319.32437590894614
N1_0	N1O2_0	nan	O1_0	N2O1_1	nan	nan	nan	145	-0.09880071209199848	-0.06304499999998825	-165.52475677293285	-259.40144084421706
N1_0	H1O2_0	nan	H1N1_0	O2_0	nan	nan	nan	146	-0.0420530659630014	-0.044677000000035605	-117.29954093665785	-110.4103975744818
N1_0	H1C2_0	nan	C1_0	H1C1N1_0	nan	nan	nan	147	-0.1118199064140004	-0.08490699999998697	-222.9234756653164	-293.5833581021965
N1_0	H1C2_0	nan	C1_0	H1C1N1_1	nan	nan	nan	147	-0.0799130756790003	-0.06125000000000114	-160.81198116177677	-209.81191870482934
N1_0	H1C2_0	nan	H1_0	C2N1_0	nan	nan	nan	148	-0.13653665712700036	-0.05448699999999462	-143.05571293976655	-358.4772299395714
N1_0	C2N1_0	nan	C1N1_0	C1N1_0	nan	nan	nan	149	-0.2520844539590001	-0.0971630000000232	-255.10162490816583	-661.848170795604
N1_0	C2O1_1	nan	C1N1_0	C1O1_0	nan	nan	nan	150	-0.2846165819069988	-0.1932480000000112	-507.372958947792	-747.2613291094976
N1_0	H1C3_1	nan	H1_0	C3N1_6	nan	nan	nan	151	-0.23041939162099997	-0.08792299999998932	-230.84198889281495	-604.9665120761408
N1_0	H1C3_2	nan	H1_0	C3N1_6	nan	nan	nan	151	-0.25216651483099994	-0.08509200000000305	-223.40919348601054	-662.063621757272
N1_0	H1C3_1	nan	C1N1_0	H1C2_0	nan	nan	nan	152	-0.21141205816799946	-0.05670900000001211	-148.88957779110166	-555.0627251507616
N1_0	H1C3_2	nan	C1N1_0	H1C2_0	nan	nan	nan	152	-0.2331591813779994	-0.05387800000002585	-141.4567823842972	-612.1598348318927
N1_0	C3N1_6	nan	C1N1_0	C2N1_0	nan	nan	nan	153	-0.11752932367400072	-0.023272999999988997	-61.10330183797864	-308.57344301419454
N1_0	H3C1_0	nan	H1_0	H1_0	H1C1N1_0	nan	nan	154	-0.11860917493099965	-0.002579999999980487	-6.773794471742667	-311.40859436110117
N1_0	H3C1_0	nan	H1_0	H1_0	H1C1N1_1	nan	nan	154	-0.08670234419599954	0.021077000000019552	55.337700031834274	-227.6371549637339
N1_0	H3C1_0	nan	H1_0	H2C1N1_1	nan	nan	nan	155	-0.17815816731299972	-0.051346999999992704	-134.8116374973457	-467.7545770735387
N1_0	H2C1N1_1	nan	H1N1_0	H1C1N1_0	nan	nan	nan	156	-0.14189725605000092	-0.08149000000000228	-213.9521362428296	-372.5514917031859
N1_0	H2C1N1_1	nan	H1N1_0	H1C1N1_1	nan	nan	nan	156	-0.1099904253150008	-0.057833000000016455	-151.84064173928994	-288.78005230581863
N1_0	H2C1N1_1	nan	N2_0	H2C1_0	nan	nan	nan	157	-0.16486649565700162	-0.11621700000000601	-305.12793493353183	-432.85727010287997
N1_0	H3C2_0	nan	H1_0	H2C2N1_10	nan	nan	nan	158	-0.22417790953300096	-0.09978100000000723	-261.9751884457814	-588.5794900360289
N1_0	H3C2_0	nan	H1N1_0	H2C2_0	nan	nan	nan	159	-0.13922518669000006	-0.06493000000000393	-170.4738275401568	-365.5359689671302
N1_0	H2C3_1	nan	H1_0	H1C3N1_8	nan	nan	nan	160	-0.200109990435001	-0.029732999999993126	-78.06404303480676	-525.3891267284263
N1_0	H2C3_1	nan	H1_0	H1C3N1_13	nan	nan	nan	160	-0.21566198238000034	-0.07345400000005498	-192.8536043145432	-566.2209085355657
N1_0	H2C3_1	nan	H1_0	H1C3N1_21	nan	nan	nan	160	-0.2878543564350018	-0.15589299999999184	-409.29734170205853	-755.7621117446533
N1_0	H2C3_1	nan	H1_0	H1C3N1_23	nan	nan	nan	160	-0.25617780107000065	-0.11266000000000531	-295.7890252683476	-672.5952607303441
N1_0	H2C3_2	nan	H1_0	H1C3N1_8	nan	nan	nan	160	-0.2006074192089997	-0.027154999999964957	-71.29549956640541	-526.69512683673
N1_0	H2C3_2	nan	H1_0	H1C3N1_13	nan	nan	nan	160	-0.21615941115399906	-0.0708760000000268	-186.08506084614186	-567.5269086438695
N1_0	H2C3_2	nan	H1_0	H1C3N1_21	nan	nan	nan	160	-0.2883517852090005	-0.15331499999996367	-402.5287982336572	-757.0681118529571
N1_0	H2C3_2	nan	H1_0	H1C3N1_23	nan	nan	nan	160	-0.2566752298439994	-0.11008199999997714	-289.0204817999462	-673.9012608386479
N1_0	H2C3_3	nan	H1_0	H1C3N1_8	nan	nan	nan	160	-0.1795009566880008	-0.00560399999997685	-14.71331171309155	-471.2800729049984
N1_0	H2C3_3	nan	H1_0	H1C3N1_13	nan	nan	nan	160	-0.19505294863300016	-0.0493250000000387	-129.502872992828	-512.111854712138
N1_0	H2C3_3	nan	H1_0	H1C3N1_21	nan	nan	nan	160	-0.2672453226880016	-0.13176399999997557	-345.9466103803433	-701.6530579212256
N1_0	H2C3_3	nan	H1_0	H1C3N1_23	nan	nan	nan	160	-0.2355687673230005	-0.08853099999998904	-232.43829394663234	-618.4862069069163
N1_0	C4_3	nan	C1N1_0	C3_0	nan	nan	nan	161	-0.17746623625699876	-0.11143600000002607	-292.5754111468998	-465.93791088671634
N1_0	C5_1	nan	C1N1_0	C4_3	nan	nan	nan	162	-0.15840491354200026	0.004920000000026903	12.917468527677604	-415.89237506038444
N1_0	H1C4_5	nan	C1N1_0	H1C3_1	nan	nan	nan	163	-0.14092493810499995	-0.03677599999997483	-96.55545174206277	-369.9986692533124
N1_0	H1C4_5	nan	C1N1_0	H1C3_2	nan	nan	nan	163	-0.1191778148950018	-0.03960699999998951	-103.98824714894182	-312.901559572186
N1_0	H1C4_5	nan	C1_0	H1C3N1_8	nan	nan	nan	164	-0.02593283439500027	0.05399100000002477	141.753464080152	-68.08670165224788
N1_0	H1C4_5	nan	C1_0	H1C3N1_13	nan	nan	nan	164	-0.04148482633999962	0.01026999999996292	26.96390280041557	-108.91848345938735
N1_0	H1C4_5	nan	C1_0	H1C3N1_21	nan	nan	nan	164	-0.11367720039500108	-0.07216899999997395	-189.4798345870998	-298.45968666847506
N1_0	H1C4_5	nan	C1_0	H1C3N1_23	nan	nan	nan	164	-0.08200064502999993	-0.028935999999987416	-75.97151815338877	-215.29283565416566
N1_0	H1C4_5	nan	C3_0	H1C1N1_0	nan	nan	nan	165	-0.18756659034900025	-0.1221349999999859	-320.665654190873	-492.4564080617399
N1_0	H1C4_5	nan	C3_0	H1C1N1_1	nan	nan	nan	165	-0.15565975961400014	-0.09847800000000007	-258.55415968733337	-408.6849686643726
N1_0	H1C4_5	nan	H1_0	C4N1_23	nan	nan	nan	166	-0.16860592147400233	-0.06207799999998542	-162.98589659686934	-442.6751390667881
N1_0	C4N1_23	nan	C1N1_0	C3N1_6	nan	nan	nan	167	-0.2027384082519994	-0.06262099999997872	-164.41154403800837	-532.2900422626699
O1_0	C2_0	nan	C1_0	C1O1_0	nan	nan	nan	168	-0.1018503900770007	-0.18261499999997	-479.4559990179999	-267.4083756797052
O1_0	C1N1_0	nan	N1_0	C1O1_0	nan	nan	nan	169	-0.06590781288600134	-0.1311539999999809	-344.3450543230727	-173.04107696714053
O1_0	C1N1_0	nan	C1_0	N1O1_0	nan	nan	nan	170	0.041943544144999116	0.03899499999999989	102.38144008821797	110.12284785148775
O1_0	H1N1_0	nan	H1_0	N1O1_0	nan	nan	nan	171	-0.2480210227509998	-0.10706399999997984	-281.09671756899434	-651.1796251160432
O1_0	H1C2_0	nan	H1C1_0	C1O1_0	nan	nan	nan	172	-0.1554421219070008	-0.138575000000003	-363.8289026856046	-408.1135604874246
O1_0	C2N1_0	nan	C1N1_0	C1O1_0	nan	nan	nan	173	-0.3179922668449997	-0.2283170000000041	-599.4466792312386	-834.8892477627401
O1_0	C2O1_1	nan	C1O1_0	C1O1_0	nan	nan	nan	174	-0.3505243947930001	-0.3244019999999921	-851.7180132708646	-920.302406076638
O1_0	H1C1_0	nan	C1_0	H1O1_0	nan	nan	nan	175	-0.07314694129200028	-0.039538999999990665	-103.80971303108362	-192.04742114433503
O1_0	H1C1_0	nan	H1_0	C1O1_0	nan	nan	nan	176	-0.3649946149509997	-0.2753829999999766	-723.0185438084732	-958.2939941820251
C1_0	H1C1_0	nan	H1_0	C2_0	nan	nan	nan	177	-0.26314422487399897	-0.09276800000000662	-243.56254479047337	-690.8856185023196
C1_0	H1N1_0	nan	H1_0	C1N1_0	nan	nan	nan	178	-0.2899645668959998	-0.14605900000000815	-383.47815765728694	-761.3024729675333
C1_0	H1N1_0	nan	N1_0	H1C1_0	nan	nan	nan	179	0.00912223516899946	-0.0018300000000124328	-4.804668171886455	23.950444247353655
C1_0	N1O1_0	nan	O1_0	C1N1_0	nan	nan	nan	180	-0.041943544144999116	-0.03899499999999989	-102.38144008821797	-110.12284785148775
C1_0	N1O1_0	nan	N1_0	C1O1_0	nan	nan	nan	181	-0.10785135703100046	-0.1701489999999808	-446.7264944112907	-283.1639248186283
C1_0	O2_0	nan	O1_0	C1O1_0	nan	nan	nan	182	-0.1894085231819993	-0.21503599999994094	-564.5773907117336	-497.29240590731524
C1_0	H1O1_0	nan	O1_0	H1C1_0	nan	nan	nan	183	0.07314694129200028	0.039538999999990665	103.80971303108362	192.04742114433503
C1_0	H1O1_0	nan	H1_0	C1O1_0	nan	nan	nan	184	-0.29184767365899944	-0.23584399999998595	-619.2088307773896	-766.24657303769
C1_0	H1C1O1_0	nan	H1C1_0	C1O1_0	nan	nan	nan	185	-0.11250189932099984	-0.10193100000000754	-267.62001717227713	-295.3739316615901
C1_0	H1C1O1_0	nan	H1_0	C2O1_1	nan	nan	nan	186	-0.12697211947900122	-0.052911999999992076	-138.9205477098857	-333.3655197669817
C1_0	C2N1_0	nan	C2_0	C1N1_0	nan	nan	nan	187	-0.216141876767999	-0.045702000000034104	-119.99068021323868	-567.4808720830348
C1_0	H1C2_0	nan	H1_0	C3_0	nan	nan	nan	188	-0.11203079874800004	-0.0953930000000156	-250.45448684028727	-294.1370562906425
C1_0	C2O1_1	nan	C2_0	C1O1_0	nan	nan	nan	189	-0.24867400471599946	-0.14178699999999367	-372.2620142527902	-652.8940303969331
C1_0	C1N1O1_1	nan	C1N1_0	C1O1_0	nan	nan	nan	190	-0.1984098002039989	-0.19163099999994415	-503.12752264494515	-520.9252743300697
C1_0	H3C1_0	nan	H1_0	H2C2_0	nan	nan	nan	191	-0.2421736950560005	-0.14774399999998877	-387.9021280777681	-635.8274561179217
C1_0	H2C2_0	nan	H1_0	H1C3_1	nan	nan	nan	192	-0.04461433062100008	0.01046400000001313	27.473250136798566	-117.13500237337814
C1_0	H2C2_0	nan	H1_0	H1C3_2	nan	nan	nan	192	-0.022867207411000123	0.0076330000000126574	20.040454729956814	-60.03789269224695
C1_0	H2C2_0	nan	H2_0	C3_0	nan	nan	nan	193	-0.0723663329819999	-0.0383380000000102	-100.65648544949751	-189.997932673437
C1_0	H2C1N1_1	nan	H1C1_0	H1C1N1_0	nan	nan	nan	194	-0.13277502088100054	-0.0833199999999863	-218.75680441464138	-348.60104745582987
C1_0	H2C1N1_1	nan	H1C1_0	H1C1N1_1	nan	nan	nan	194	-0.10086819014600046	-0.059663000000000466	-156.64530991110175	-264.8296080584627
C1_0	H2C1N1_1	nan	H2_0	C2N1_0	nan	nan	nan	195	-0.160887719104001	-0.0938289999999995	-246.34820212943654	-422.4109853667487
C1_0	H1C3N1_8	nan	C3_0	H1C1N1_0	nan	nan	nan	196	-0.16163375595399998	-0.17612600000001066	-462.41911827102496	-424.369706409492
C1_0	H1C3N1_8	nan	C3_0	H1C1N1_1	nan	nan	nan	196	-0.12972692521899987	-0.15246900000002483	-400.3076237674854	-340.5982670121247
C1_0	H1C3N1_13	nan	C3_0	H1C1N1_0	nan	nan	nan	196	-0.14608176400900064	-0.1324049999999488	-347.62955699128855	-383.5379246023525
C1_0	H1C3N1_13	nan	C3_0	H1C1N1_1	nan	nan	nan	196	-0.11417493327400052	-0.10874799999996299	-285.5180624877489	-299.7664852049853
C1_0	H1C3N1_21	nan	C3_0	H1C1N1_0	nan	nan	nan	196	-0.07388938995399917	-0.049966000000011945	-131.1858196037732	-193.9967213932648
C1_0	H1C3N1_21	nan	C3_0	H1C1N1_1	nan	nan	nan	196	-0.04198255921899907	-0.026309000000026117	-69.07432510023357	-110.22528199589763
C1_0	H1C3N1_23	nan	C3_0	H1C1N1_0	nan	nan	nan	196	-0.10556594531900032	-0.09319899999999848	-244.6941360374842	-277.16357240757424
C1_0	H1C3N1_23	nan	C3_0	H1C1N1_1	nan	nan	nan	196	-0.07365911458400021	-0.06954200000001265	-182.58264153394458	-193.39213301020698
C1_0	H2C2N1_10	nan	H1_0	H1C3N1_8	nan	nan	nan	197	-0.13463407096400104	-0.00997699999996371	-26.194630792574383	-353.48198667095267
C1_0	H2C2N1_10	nan	H1_0	H1C3N1_13	nan	nan	nan	197	-0.15018606290900038	-0.05369800000002556	-140.98419207231083	-394.3137684780921
C1_0	H2C2N1_10	nan	H1_0	H1C3N1_21	nan	nan	nan	197	-0.22237843696400186	-0.13613699999996243	-357.42792945982615	-583.8549716871798
C1_0	H2C2N1_10	nan	H1_0	H1C3N1_23	nan	nan	nan	197	-0.1907018815990007	-0.0929039999999759	-243.91961302611514	-500.68812067287035
C1_0	H3C2_0	nan	H1_0	H2C3_1	nan	nan	nan	198	-0.15870199006200014	-0.08002500000000623	-210.10577620362363	-416.6723499785531
C1_0	H3C2_0	nan	H1_0	H2C3_2	nan	nan	nan	198	-0.15820456128800053	-0.08260300000000598	-216.87431967195036	-415.36634987024695
C1_0	H3C2_0	nan	H1_0	H2C3_3	nan	nan	nan	198	-0.17931102380900033	-0.10415399999999408	-273.4565075252642	-470.7814038019809
C1_0	H1C3_1	nan	H1_0	C4_3	nan	nan	nan	199	-0.14597662065900074	-0.040665999999987434	-106.76865348445178	-383.26187055468773
C1_0	H1C3_2	nan	H1_0	C4_3	nan	nan	nan	199	-0.16772374386900069	-0.03783500000000117	-99.33585807764733	-440.3589802358189
C1_0	H2C3_1	nan	H1_0	H1C4_5	nan	nan	nan	200	-0.17417715604000072	-0.08372399999998947	-219.8175071148841	-457.3024250761784
C1_0	H2C3_2	nan	H1_0	H1C4_5	nan	nan	nan	200	-0.17467458481399945	-0.08114599999998973	-213.0489636465574	-458.60842518448214
C1_0	H2C3_3	nan	H1_0	H1C4_5	nan	nan	nan	200	-0.15356812229300054	-0.05959500000000162	-156.46677579324356	-403.1933712527506
C1_0	C3N1_6	nan	C1N1_0	C3_0	nan	nan	nan	201	-0.0930234652949995	-0.06417900000002419	-168.50207573853663	-244.23326936526323
C1_0	C3O1_1	nan	C1O1_0	C3_0	nan	nan	nan	202	-0.10594088712799987	-0.1268739999999866	-333.10790690476296	-278.14798277697173
C1_0	H1C4_5	nan	H1_0	C5_1	nan	nan	nan	203	-0.1284966452220022	-0.08236199999998917	-216.24157375419216	-337.36816474762026
H1_0	C1N1O1_1	nan	O1_0	H1C1N1_0	nan	nan	nan	204	0.14429921735400164	0.006266000000039185	16.451393860668993	378.85784527004756
H1_0	C1N1O1_1	nan	O1_0	H1C1N1_1	nan	nan	nan	204	0.17620604808900175	0.029923000000053435	78.56288836428324	462.62928466741477
H1_0	C1N1O1_1	nan	C1O1_0	H1N1_0	nan	nan	nan	205	0.09155476669200092	-0.045571999999936	-119.64936498765816	240.3771986374636
H1_0	H2C2_0	nan	H2_0	H1C2_0	nan	nan	nan	206	0.03966446576600013	0.057054999999991196	149.79800139075243	104.13912361720544
H2C1_0	H2C1_0	nan	H1_0	H3C2_0	nan	nan	nan	207	-0.12099514499299956	-0.09749599999999248	-255.97591698525852	-317.67296289437274
H2C1_0	H2C1_0	nan	H1C1_0	H3C1_0	nan	nan	nan	208	-0.008924401457999664	-0.016512000000005855	-43.352284619496324	-23.431031496227728
H2C1_0	H2C1_0	nan	H1_0	H1_0	H2C2_0	nan	nan	209	-0.058774083250999525	-0.032168999999981907	-84.4597652569827	-154.31145744588176
H2C1_0	H2C1_0	nan	H2_0	H2C2_0	nan	nan	nan	210	-0.2544940440239998	-0.20518499999998596	-538.7135731375721	-668.1745536876911
H2C1_0	H4C1_0	nan	H3C1_0	H3C1_0	nan	nan	nan	211	0.016759798164999395	-0.006247999999985154	-16.404134829328573	44.002879131183896
H3C1_0	H3C1_0	nan	H2C1_0	H4C1_0	nan	nan	nan	212	-0.016759798164999395	0.006247999999985154	16.404134829328573	-44.002879131183896
C2_0	H2_0	nan	H1_0	H1C2_0	nan	nan	nan	213	0.056987679339999715	-0.003110999999975661	-8.167935892087579	149.62125088126103
H2_0	H1C2_0	nan	H1_0	H2C2_0	nan	nan	nan	214	-0.03966446576600013	-0.057054999999991196	-149.79800139075243	-104.13912361720544
H1_0	H1N1_0	nan	N1_0	H2_0	nan	nan	nan	215	0.00572628765899985	-0.042759000000003766	-112.26382861219415	15.034378173811945
H1N1_0	H3C1_0	nan	H1_0	H3C1N1_2	nan	nan	nan	216	-0.16168872178600058	-0.07206899999999905	-189.21728441384033	-424.5140192966793
H1C1_0	H3N1_0	nan	H1_0	H3C1N1_2	nan	nan	nan	217	-0.12187891891800008	-0.0871219999999937	-228.73896200449047	-319.9933128662658
H1C1_0	H3N1_0	nan	H1N1_0	H3C1_0	nan	nan	nan	218	0.03980980286800051	-0.015052999999994654	-39.521677590650135	104.52070643041347
H3C1_0	H3N1_0	nan	H2N1_0	H4C1_0	nan	nan	nan	219	0.0050701549359999385	0.0034749999999945658	9.123618523041468	13.31170057233137
C1N1_0	H2_0	nan	H1_0	H1C1N1_0	nan	nan	nan	220	-0.018889649882999567	-0.03655699999998774	-95.98046686251415	-49.59480850836618
C1N1_0	H2_0	nan	H1_0	H1C1N1_1	nan	nan	nan	220	0.013017180852000544	-0.012899999999987699	-33.8689723589372	34.17663088900104
C1N1_0	H4C1_0	nan	H1C1N1_0	H3C1_0	nan	nan	nan	221	0.004156007133001793	-0.03195399999998472	-83.89528238434059	10.911603931109907
C1N1_0	H4C1_0	nan	H1C1N1_1	H3C1_0	nan	nan	nan	221	0.036062837868001914	-0.008296999999970467	-21.78378788072633	94.68304332847715
H2C2_0	C3N1_6	nan	H1C2_0	H1C3N1_8	nan	nan	nan	222	0.08938510654200016	0.13244500000001835	347.7345770608013	234.68075215306564
H2C2_0	C3N1_6	nan	H1C2_0	H1C3N1_13	nan	nan	nan	222	0.07383311459700083	0.0887239999999565	232.94501578106485	193.84897034592623
H2C2_0	C3N1_6	nan	H1C2_0	H1C3N1_21	nan	nan	nan	222	0.0016407405419993635	0.006284999999991214	16.501278393474863	4.307767136838533
H2C2_0	C3N1_6	nan	H1C2_0	H1C3N1_23	nan	nan	nan	222	0.0333172959070005	0.049517999999977746	130.00959482718588	87.47461815114787
O1_0	H4C1_0	nan	H1O1_0	H3C1_0	nan	nan	nan	223	-0.046705336766000194	0.005993000000017901	15.73463188743492	-122.62494263131956
O1_0	H2C2_0	nan	C1O1_0	H2C1_0	nan	nan	nan	224	-0.1131391135340003	-0.07585900000000834	-199.16793598289527	-297.04693868227656
O1_0	H2C2_0	nan	H1O1_0	H1C2_0	nan	nan	nan	225	-0.03008652801599965	0.058445000000006075	153.4474488000138	-78.99223145358553
O1_0	H3N1_0	nan	H1O1_0	H2N1_0	nan	nan	nan	226	-0.04163518182999937	0.009467999999998256	24.85825041043908	-109.31324205898586
O1_0	H2C1O1_0	nan	H1O1_0	H1C1O1_0	nan	nan	nan	227	-0.07846079006399975	-0.020662000000015723	-54.24811681252405	-205.99894030546636
H1O1_0	H3C1_0	nan	H2_0	H2C1O1_0	nan	nan	nan	228	-0.16698866181199978	-0.10667100000000573	-280.0648953878937	-438.4290210210795
H1O1_0	H3C1_0	nan	O1_0	H4C1_0	nan	nan	nan	229	0.046705336766000194	-0.005993000000017901	-15.73463188743492	122.62494263131956
H1O1_0	H3C1_0	nan	H2C1_0	H2O1_0	nan	nan	nan	230	-0.046680695690001	-0.013251000000011004	-34.79052346737035	-122.56024744357447
H1O1_0	H4C1_0	nan	H2O1_0	H3C1_0	nan	nan	nan	231	-0.02992089752500071	-0.01949899999999616	-51.19465829669892	-78.5573683123882
H1O1_0	H2C2_0	nan	C1O1_0	H3C1_0	nan	nan	nan	232	-0.049673978602999824	-0.08809999999999718	-231.3067026996215	-130.41911691977077
H1O1_0	H2C2_0	nan	H1C2_0	H2O1_0	nan	nan	nan	233	-0.013302088775001051	0.032952999999992016	86.51815861587997	-34.92465713465651
H1O1_0	H2C2_0	nan	H1_0	H2C2O1_1	nan	nan	nan	234	-0.07652302252900077	-0.03131700000000137	-82.22283778030187	-200.91132828368427
H2O1_0	H3C1_0	nan	H1O1_0	H4C1_0	nan	nan	nan	235	0.02992089752500071	0.01949899999999616	51.19465829669892	78.5573683123882
H2C1_0	H1C1O1_0	nan	C1O1_0	H3C1_0	nan	nan	nan	236	-0.12218370568199788	-0.15371099999995863	-403.5684969200123	-320.79353104341476
C1N1_0	H2C1O1_0	nan	H1C1N1_0	H1C1O1_0	nan	nan	nan	237	-0.027599446164998653	-0.05860900000001834	-153.87803108429958	-72.46239374303923
C1N1_0	H2C1O1_0	nan	H1C1N1_1	H1C1O1_0	nan	nan	nan	237	0.00430738457000146	-0.03495200000003251	-91.76653658075992	11.309045654327997
O1_0	H2O2_0	nan	H1O1_0	H1O2_0	nan	nan	nan	238	-0.06391244663399931	-0.022885000000002265	-60.08460716551114	-167.80223941403378
H1O2_0	H1O2_0	nan	O2_0	H2O2_0	nan	nan	nan	239	-0.04216532545200025	-0.06316100000003644	-165.82931497411678	-110.70513505742244
H1O1_0	H3N1_0	nan	H2O1_0	H2N1_0	nan	nan	nan	240	-0.024850742588999	-0.016024000000015803	-42.07103977369476	-65.2456677400522
O2_0	H1C1O1_0	nan	H1O1_0	C1O2_1	nan	nan	nan	241	-0.23491959608400134	-0.15347499999995762	-402.94887851096183	-616.7818066937458
O2_0	H1C1O1_0	nan	C1O1_0	H1O2_0	nan	nan	nan	242	-0.0795710685269988	-0.055423999999959506	-145.51580806373286	-208.91397833446436
N1O1_0	H2C1_0	nan	H1O1_0	H1C1N1_0	nan	nan	nan	243	-0.13661867792699844	-0.12075199999998176	-317.03458529377264	-358.69257569212914
N1O1_0	H2C1_0	nan	H1O1_0	H1C1N1_1	nan	nan	nan	243	-0.10471184719199833	-0.09709499999999593	-254.92309079023298	-274.92113629476194
N1O1_0	H2C1_0	nan	N1_0	H2C1O1_0	nan	nan	nan	244	0.01072179596500078	-0.051827000000002954	-136.07187832933428	28.150093889699388
O2_0	H3C2_0	nan	H1C1O1_0	H2C1O1_0	nan	nan	nan	245	-0.20157553592	-0.13740199999995184	-360.749189152364	-529.236918939453
O2_0	H3C2_0	nan	H1O2_0	H2C2_0	nan	nan	nan	246	-0.09717212072699866	-0.020252999999939902	-53.17428660342432	-255.1255713926484
N1_0	H2N1_0	nan	H1_0	H1_0	N2_0	nan	nan	247	-0.13252296622899973	-0.06609899999997992	-173.54303906626703	-347.93927753012713
C1_0	C4N1_23	nan	C2_0	C3N1_6	nan	nan	nan	248	-0.16679583106100004	-0.011160000000018044	-29.30059934315587	-437.9227435501051
C1_0	C4N1_23	nan	C2N1_0	C3_0	nan	nan	nan	249	-0.04367741958799876	-0.029636999999979707	-77.81199486837919	-114.67514083232892
C1_0	C4N1_23	nan	C1N1_0	C4_3	nan	nan	nan	250	-0.11829563729000014	-0.01536399999997684	-40.338208629645194	-310.5854007412167
C1_0	H1C3N1_8	nan	H1_0	C4N1_23	nan	nan	nan	251	-0.14267308707900206	-0.11606900000001019	-304.73936067702135	-374.5884374145402
C1_0	H1C3N1_13	nan	H1_0	C4N1_23	nan	nan	nan	251	-0.12712109513400272	-0.07234799999994834	-189.94979939728495	-333.7566556074008
C1_0	H1C3N1_21	nan	H1_0	C4N1_23	nan	nan	nan	251	-0.054928721079001264	0.010090999999988526	26.493937990230435	-144.21545239831312
C1_0	H1C3N1_23	nan	H1_0	C4N1_23	nan	nan	nan	251	-0.0866052764440024	-0.033141999999998006	-87.01437844348058	-227.3823034126224
C2_0	O2_0	nan	C1_0	C1O2_1	nan	nan	nan	252	-0.15112114554800016	-0.19461999999995783	-510.9751473256756	-396.76882956752115
H1C1_0	H2C1O1_0	nan	H2C1_0	H1C1O1_0	nan	nan	nan	253	-0.006071253675001387	-0.016391000000027134	-43.03459890982853	-15.940087046737515
H1C1_0	H1C1O1_0	nan	C1O1_0	H2C1_0	nan	nan	nan	254	-0.1132593042239982	-0.1371989999999812	-360.2162123005906	-297.3624995471869
H1C1_0	N2_0	nan	N1_0	H1C1N1_0	nan	nan	nan	255	0.03133406987299914	-0.0023709999999823594	-6.225064609497613	82.26765476144392
H1C1_0	N2_0	nan	N1_0	H1C1N1_1	nan	nan	nan	255	0.06324090060799925	0.02128600000000347	55.88642989404204	166.03909415881114
H1C1_0	H1O2_0	nan	H1O1_0	H1C1O1_0	nan	nan	nan	256	-0.182984395946999	-0.1991509999999721	-522.8712956790845	-480.42584871718134
H1C1_0	H1O2_0	nan	O2_0	H2C1_0	nan	nan	nan	257	-0.03368823569699941	-0.08177500000002169	-214.70040423685776	-88.44852121272268
H1C1_0	H1O1_0	nan	H1_0	H1C1O1_0	nan	nan	nan	258	-0.17934577433800047	-0.13391299999999262	-351.58881360514977	-470.8726413761023
C1N1_0	H2C1_0	nan	H1C1_0	H1C1N1_0	nan	nan	nan	259	-0.021528192489999043	-0.04221799999999121	-110.84343217447105	-56.52230669630638
C1N1_0	H2C1_0	nan	H1C1_0	H1C1N1_1	nan	nan	nan	259	0.01037863824500107	-0.01856100000000538	-48.731937670931394	27.249132701060848
O2_0	H2C1_0	nan	C1O1_0	H2O1_0	nan	nan	nan	260	-0.3181605616220011	-0.2843379999999627	-746.5299118297213	-835.3311059914547
O2_0	H2C1_0	nan	H2_0	C1O2_1	nan	nan	nan	261	-0.4169039130290013	-0.2930489999999679	-769.4006574281059	-1094.581946257788
O2_0	H2C1_0	nan	H1O1_0	H1C1O1_0	nan	nan	nan	262	-0.1492961602499996	-0.11737599999995041	-308.17089144222666	-391.9773275044587
O2_0	H2C1_0	nan	O1_0	H2C1O1_0	nan	nan	nan	263	-0.07083537018599984	-0.09671399999993469	-253.92277462970262	-185.97838719899227
O2_0	H2C1_0	nan	H1_0	H1_0	C1O2_1	nan	nan	264	-0.22118395225600015	-0.12003299999994965	-315.1468495474791	-580.7188500159765
C1N1_0	H3C1_0	nan	H1_0	H2C2N1_10	nan	nan	nan	265	-0.037161851003000734	-0.036536000000012336	-95.92533132618041	-97.56850421928486
O2_0	H3C1_0	nan	H2O1_0	H1C1O1_0	nan	nan	nan	266	-0.19597685594000147	-0.13062699999997562	-342.9614149096343	-514.5375749480354
O2_0	H3C1_0	nan	H1O1_0	H2C1O1_0	nan	nan	nan	267	-0.1343005051170003	-0.08447299999997426	-221.78400791305106	-352.60620896149806
O2_0	H3C1_0	nan	H2C1_0	H1O2_0	nan	nan	nan	268	0.04261263715499908	0.09828700000002755	258.05268885635405	111.8795527089504
H1O2_0	H3C1_0	nan	O2_0	H4C1_0	nan	nan	nan	269	-0.05937243532000025	-0.0920390000000566	-241.64855402706283	-155.88243184013896
O2_0	H4C1_0	nan	H1O2_0	H3C1_0	nan	nan	nan	270	0.05937243532000025	0.0920390000000566	241.64855402706283	155.88243184013896
C1N1_0	C1N1_0	nan	C2_0	N2_0	nan	nan	nan	271	-0.017677090075000734	-0.023654000000021824	-62.10361799843439	-46.41123063079178
C1O1_0	N2O1_1	nan	N2_0	C1O2_1	nan	nan	nan	272	-0.10560355094700212	-0.1387870000000362	-364.3855090531415	-277.262306049073
C1O1_0	N1O2_0	nan	N1O1_0	C1O2_1	nan	nan	nan	273	-0.10884105162799784	-0.08772200000004204	-230.3142630445695	-285.7623696984365
C1O1_0	O2_0	nan	O1_0	C1O2_1	nan	nan	nan	274	-0.04927075547100124	-0.012004999999987831	-31.51914830767571	-129.36045388782063
C1O1_0	H1O2_0	nan	H1O1_0	C1O2_1	nan	nan	nan	275	-0.15534852755700254	-0.09805099999999811	-257.433070447229	-407.8678283592814
H1_0	C2_0	nan	C1_0	H1C1_0	nan	nan	nan	276	0.26314422487399897	0.09276800000000662	243.56254479047337	690.8856185023196
H1_0	C1O1_0	nan	C1_0	H1O1_0	nan	nan	nan	277	0.29184767365899944	0.23584399999998595	619.2088307773896	766.24657303769
H1_0	H2N1_0	nan	H2_0	H1N1_0	nan	nan	nan	278	0.015341307159999928	-0.01794100000000043	-47.10412659630126	40.27862853895336
H2_0	O2_0	nan	H1_0	H1O2_0	nan	nan	nan	279	0.036326778303999774	0.08743600000005358	229.56336954888926	95.37601940066521
H2_0	O2_0	nan	H1O1_0	H1O1_0	nan	nan	nan	280	0.032688156695000366	0.022198000000059892	58.280887474917314	85.8228120595838
H1O2_0	H2C1O1_0	nan	H1C1O1_0	H2O2_0	nan	nan	nan	281	-0.014548343430000443	0.002223000000014963	5.836490353061703	-38.1967008914326
H2O1_0	H1O2_0	nan	H1O1_0	H2O2_0	nan	nan	nan	282	0.04712800739300072	0.048377000000016324	127.01389734964498	123.73466509510477
N1O1_0	H1C1O1_0	nan	C1O1_0	H1N1O1_1	nan	nan	nan	283	-0.0513138258859982	-0.053793999999982134	-141.23624023858915	-134.72453880355397
H1C1O1_0	H1O2_0	nan	O2_0	H2C1O1_0	nan	nan	nan	284	-0.027616982021999803	-0.0653840000000514	-171.6658053271785	-72.50843416598983
N1_0	H1N1O1_1	nan	H1N1_0	N1O1_0	nan	nan	nan	285	-0.07031030860400023	-0.04630700000001298	-121.57910876180154	-184.5998371053875
N1_0	H1N1O1_1	nan	H1_0	N2O1_1	nan	nan	nan	286	-0.2760045811390004	-0.09581199999999512	-251.55457206646668	-724.6505061663379
C1N1_0	H1N1_0	nan	N1_0	H1C1N1_0	nan	nan	nan	287	-0.013163362224000608	-0.0793159999999773	-208.24429547467096	-34.56043033455657
C1N1_0	H1N1_0	nan	N1_0	H1C1N1_1	nan	nan	nan	287	0.018743468510999502	-0.055658999999991465	-146.13280097113133	49.21100906281064
H1N1_0	H2O1_0	nan	H1O1_0	H2N1_0	nan	nan	nan	288	0.03762524738099948	0.042043000000006714	110.3839693711924	98.78515221290394
H1N1_0	N1O2_0	nan	H1O1_0	N2O1_1	nan	nan	nan	289	-0.1628254182149984	-0.10441400000001977	-274.1391379759776	-427.49841774119614
H1N1_0	N1O2_0	nan	N1O1_0	H1N1O1_1	nan	nan	nan	290	-0.07081715370400055	-0.07429700000005823	-195.06690227568438	-185.93055979392935
H1N1_0	H1O1_0	nan	H1_0	H1N1O1_1	nan	nan	nan	291	-0.11368600802399965	-0.01938800000002061	-50.90322760437199	-298.48281111367663
H1N1_0	H1O1_0	nan	O1_0	H2N1_0	nan	nan	nan	292	0.05440968662199985	0.016550999999992655	43.45467918705855	142.85272653183762
H1N1_0	H1O1_0	nan	N1_0	H2O1_0	nan	nan	nan	293	-0.04724026688199956	-0.06686100000001716	-175.5436713871039	-124.02940257804536
N1O1_0	H1N1O1_1	nan	H1O1_0	N2O1_1	nan	nan	nan	294	-0.09200826451099786	-0.030116999999961536	-79.07223570029315	-241.56785794726673
N1O1_0	N2O1_1	nan	N2_0	N1O2_0	nan	nan	nan	295	0.003237500680999261	-0.05106499999999414	-134.07124600857202	8.500063649372782
N1O1_0	O2_0	nan	O1_0	N1O2_0	nan	nan	nan	296	0.059570296156998374	0.07571700000005421	198.79511473689377	156.40191581062052
O1_0	C1O2_1	nan	C1O1_0	O2_0	nan	nan	nan	297	0.04927075547100124	0.012004999999987831	31.51914830767571	129.36045388782063
O1_0	H2O1_0	nan	H1_0	H1O2_0	nan	nan	nan	298	-0.01314581763199918	0.09072999999997933	238.21177225803117	-34.5143669778476
O1_0	H2O1_0	nan	H1O1_0	H1O1_0	nan	nan	nan	299	-0.016784439240998594	0.025491999999985637	66.92929018405921	-44.06757431892902
O1_0	N2_0	nan	N1_0	N1O1_0	nan	nan	nan	300	0.095563211411001	0.11410999999998239	299.59600278150486	250.90137719484895
O1_0	N2O1_1	nan	N2_0	O2_0	nan	nan	nan	301	-0.05633279547600267	-0.12678200000004836	-332.8663607454658	-147.90185216125707
O1_0	N2O1_1	nan	N1O1_0	N1O1_0	nan	nan	nan	302	-0.042326750216002296	-0.05755900000002612	-151.12125426440386	-111.12895605509982
O1_0	N1O1_0	nan	N1_0	O2_0	nan	nan	nan	303	0.08155716615099884	0.04488699999996015	117.85089630044297	214.128481088687
O2_0	C1N1O1_1	nan	N1O1_0	C1O2_1	nan	nan	nan	304	-0.20573701152999746	-0.1646409999999605	-432.2652308644775	-540.1628803663932
H1O1_0	H1C1N1_0	nan	C1O1_0	H2N1_0	nan	nan	nan	305	0.0016652359599991227	-0.03528700000001095	-92.64607966134322	4.372079899253667
H1O1_0	H1C1N1_1	nan	C1O1_0	H2N1_0	nan	nan	nan	305	-0.030241594775000987	-0.05894399999999678	-154.75757416488287	-79.39935949811355
H1O1_0	H1C1N1_0	nan	C1N1_0	H2O1_0	nan	nan	nan	306	-0.03407690465800073	0.012454999999988559	32.70062408764167	-89.46897224349345
H1O1_0	H1C1N1_1	nan	C1N1_0	H2O1_0	nan	nan	nan	306	-0.06598373539300084	-0.01120199999999727	-29.41087041589797	-173.24041164086066
H1O1_0	N2O1_1	nan	N2_0	H1O2_0	nan	nan	nan	307	0.049744976609998666	-0.04073599999998123	-106.95243860576325	130.60552231020378
H1O1_0	N2O1_1	nan	N1O1_0	H1N1O1_1	nan	nan	nan	308	0.09200826451099786	0.030116999999961536	79.07223570029315	241.56785794726673
N1O1_0	H1O1_0	nan	H1_0	N1O2_0	nan	nan	nan	309	-0.04286885432000176	0.0549090000000092	144.1636746712378	-112.55225131975423
H1C1_0	C1O2_1	nan	C1O1_0	H1C1O1_0	nan	nan	nan	310	-0.027635868389999985	-0.10109999999997399	-265.4382252318554	-72.55802035790916
N1_0	C1O2_1	nan	C1O1_0	N1O1_0	nan	nan	nan	311	-0.032286410679999385	-0.032882000000000744	-86.33174799284187	-84.76802720087105
N2_0	O2_0	nan	O1_0	N2O1_1	nan	nan	nan	312	0.05633279547600267	0.12678200000004836	332.8663607454658	147.90185216125707
N1O1_0	N1O1_0	nan	O1_0	N2O1_1	nan	nan	nan	313	0.042326750216002296	0.05755900000002612	151.12125426440386	111.12895605509982
H1_0	H1C1N1_0	nan	H1_0	H1C1N1_0	nan	nan	nan	314	0.0	0.0	0.0	0.0
H1_0	H1C1N1_0	nan	H1_0	H1C1N1_1	nan	nan	nan	314	0.03190683073500011	0.02365700000000004	62.11149450357696	83.77143939736723
H1_0	H1C1N1_1	nan	H1_0	H1C1N1_0	nan	nan	nan	314	-0.03190683073500011	-0.02365700000000004	-62.11149450357696	-83.77143939736723
H1_0	H1C1N1_1	nan	H1_0	H1C1N1_1	nan	nan	nan	314	0.0	0.0	0.0	0.0
O2_0	H1C1N1_0	nan	H1N1_0	C1O2_1	nan	nan	nan	315	-0.1020152061330002	-0.06384299999996301	-167.61990715600285	-267.84110052039995
O2_0	H1C1N1_1	nan	H1N1_0	C1O2_1	nan	nan	nan	315	-0.1339220368680003	-0.08749999999994884	-229.73140165954248	-351.61253991776715
H2_0	C3_0	nan	H1_0	H1C3_1	nan	nan	nan	316	0.02775200236099984	0.04880200000002333	128.12973558629608	72.86293030005889
H2_0	C3_0	nan	H1_0	H1C3_2	nan	nan	nan	316	0.04949912557099978	0.045971000000022855	120.69694017945433	129.96003998119005
H2_0	H1C3_1	nan	H1_0	H2C3_1	nan	nan	nan	317	0.019411239590000132	0.017199999999988336	45.158629811928705	50.96424318814332
H2_0	H1C3_1	nan	H1_0	H2C3_2	nan	nan	nan	317	0.019908668363999737	0.014621999999988589	38.39008634360197	52.27024329644942
H2_0	H1C3_1	nan	H1_0	H2C3_3	nan	nan	nan	317	-0.0011977941570000539	-0.006928999999999519	-18.192101509711886	-3.1448106352844953
H2_0	H1C3_2	nan	H1_0	H2C3_1	nan	nan	nan	317	-0.0023358836199998123	0.020030999999988808	52.59142521877045	-6.132866492987848
H2_0	H1C3_2	nan	H1_0	H2C3_2	nan	nan	nan	317	-0.001838454846000204	0.01745299999998906	45.82288175044373	-4.826866384681739
H2_0	H1C3_2	nan	H1_0	H2C3_3	nan	nan	nan	317	-0.022944917367	-0.004097999999999047	-10.759306102870132	-60.24192031641567
H2_0	C4_3	nan	H1_0	H1C4_5	nan	nan	nan	318	-0.008789295790998963	-0.025857999999999493	-67.89022381846635	-23.076311333345025
H1_0	H2C3_1	nan	H2_0	H1C3_1	nan	nan	nan	319	-0.019411239590000132	-0.017199999999988336	-45.158629811928705	-50.96424318814332
H1_0	H2C3_1	nan	H2_0	H1C3_2	nan	nan	nan	319	0.0023358836199998123	-0.020030999999988808	-52.59142521877045	6.132866492987848
H1_0	H2C3_2	nan	H2_0	H1C3_1	nan	nan	nan	319	-0.019908668363999737	-0.014621999999988589	-38.39008634360197	-52.27024329644942
H1_0	H2C3_2	nan	H2_0	H1C3_2	nan	nan	nan	319	0.001838454846000204	-0.01745299999998906	-45.82288175044373	4.826866384681739
H1_0	H2C3_3	nan	H2_0	H1C3_1	nan	nan	nan	319	0.0011977941570000539	0.006928999999999519	18.192101509711886	3.1448106352844953
H1_0	H2C3_3	nan	H2_0	H1C3_2	nan	nan	nan	319	0.022944917367	0.004097999999999047	10.759306102870132	60.24192031641567
H2_0	H2C2_0	nan	H1_0	H3C2_0	nan	nan	nan	320	0.1334988990310002	0.10768899999999348	282.7376561523136	350.50159079331826
H1_0	H1C2_0	nan	C2_0	H2_0	nan	nan	nan	321	-0.056987679339999715	0.003110999999975661	8.167935892087579	-149.62125088126103
H1_0	H1C3_1	nan	H2_0	C3_0	nan	nan	nan	322	-0.02775200236099984	-0.04880200000002333	-128.12973558629608	-72.86293030005889
H1_0	H1C3_2	nan	H2_0	C3_0	nan	nan	nan	322	-0.04949912557099978	-0.045971000000022855	-120.69694017945433	-129.96003998119005
H1_0	H1C4_5	nan	H2_0	C4_3	nan	nan	nan	323	0.008789295790998963	0.025857999999999493	67.89022381846635	23.076311333345025
O2_0	H2C2_0	nan	H1C2_0	H1O2_0	nan	nan	nan	324	0.07599124406999991	0.14449100000004478	379.3613709396417	199.51514301787068
O2_0	H2C3_1	nan	H1O2_0	H1C3_1	nan	nan	nan	325	0.01691553871400231	0.07023600000002261	184.40473973684865	44.411776212528885
O2_0	H2C3_1	nan	H1O2_0	H1C3_2	nan	nan	nan	325	0.03866266192400048	0.06740500000006477	176.97194433011882	101.5088858936554
O2_0	H2C3_2	nan	H1O2_0	H1C3_1	nan	nan	nan	325	0.016418109940001813	0.07281399999999394	191.17328320510074	43.105776104220446
O2_0	H2C3_2	nan	H1O2_0	H1C3_2	nan	nan	nan	325	0.038165233149999984	0.0699830000000361	183.7404877983709	100.20288578534695
O2_0	H2C3_3	nan	H1O2_0	H1C3_1	nan	nan	nan	325	0.037524572461002485	0.09436500000003889	247.75547105856384	98.52083003595668
O2_0	H2C3_3	nan	H1O2_0	H1C3_2	nan	nan	nan	325	0.059271695671000664	0.09153400000008105	240.32267565183403	155.6179397170832
H1_0	H2_0	nan	H1_0	H1_0	H1_0	nan	nan	326	0.195719960773	0.17301600000000006	454.2538078805789	513.8630962418086
H2_0	H2_0	nan	H1_0	H1_0	H2_0	nan	nan	327	0.195719960773	0.17301600000000006	454.2538078805789	513.8630962418086
O1_0	H2C2N1_10	nan	C1N1_0	H2C1O1_0	nan	nan	nan	328	-0.1995778045910015	-0.06874499999997852	-180.49011665245197	-523.9918718725926
O1_0	H2C2N1_10	nan	H1C1N1_0	H1C1O1_0	nan	nan	nan	329	-0.2271772507560001	-0.12735399999999686	-334.36814773675155	-596.4542656156317
O1_0	H2C2N1_10	nan	H1C1N1_1	H1C1O1_0	nan	nan	nan	329	-0.19527042002100006	-0.10369700000001103	-272.25665323321186	-512.6828262182647
O1_0	H2C2N1_10	nan	H1_0	C1O1_0	H1C1N1_0	nan	nan	330	-0.14735513681399934	-0.09719799999999168	-255.1935174687469	-386.8811671089544
O1_0	H2C2N1_10	nan	H1_0	C1O1_0	H1C1N1_1	nan	nan	330	-0.11544830607899925	-0.07354099999997743	-193.08202296513267	-303.10972771158725
H2O1_0	H2N1_0	nan	H1O1_0	H3N1_0	nan	nan	nan	331	0.024850742588999	0.016024000000015803	42.07103977369476	65.2456677400522
N1_0	H2O1_0	nan	H1N1_0	H1O1_0	nan	nan	nan	332	0.04724026688199956	0.06686100000001716	175.5436713871039	124.02940257804536
H1C1_0	H2O1_0	nan	H1_0	H2C1O1_0	nan	nan	nan	333	-0.11766942351499933	-0.08775899999999126	-230.4114066085665	-308.9412753895649
H1_0	C2N1_0	nan	C1_0	H1C1N1_0	nan	nan	nan	334	0.024716750712999943	-0.030419999999992342	-79.86776272554982	64.89387183737477
H1_0	C2N1_0	nan	C1_0	H1C1N1_1	nan	nan	nan	334	0.05662358144800006	-0.006763000000006514	-17.75626822201018	148.665311234742
C1_0	H1C1N1_0	nan	C1_0	H1C1N1_0	nan	nan	nan	335	0.0	0.0	0.0	0.0
C1_0	H1C1N1_0	nan	C1_0	H1C1N1_1	nan	nan	nan	335	0.03190683073500011	0.023656999999985828	62.11149450353963	83.77143939736723
C1_0	H1C1N1_1	nan	C1_0	H1C1N1_0	nan	nan	nan	335	-0.03190683073500011	-0.023656999999985828	-62.11149450353963	-83.77143939736723
C1_0	H1C1N1_1	nan	C1_0	H1C1N1_1	nan	nan	nan	335	0.0	0.0	0.0	0.0
C1_0	H3C1N1_2	nan	H2C1_0	H1C1N1_0	nan	nan	nan	336	-0.1408796361419995	-0.09969599999999446	-261.75202079842137	-369.8797288709349
C1_0	H3C1N1_2	nan	H2C1_0	H1C1N1_1	nan	nan	nan	336	-0.10897280540699937	-0.0760389999999802	-199.64052629480707	-286.1082894735677
C1_0	H3C1N1_2	nan	H1_0	H2C2N1_10	nan	nan	nan	337	-0.16543769611300085	-0.11052599999999302	-290.1862045695524	-434.3569578901412
H1C1_0	H1N1_0	nan	H1_0	H1C1N1_0	nan	nan	nan	338	-0.31225016428899893	-0.22354499999998723	-586.9177849601089	-819.813347549441
H1C1_0	H1N1_0	nan	H1_0	H1C1N1_1	nan	nan	nan	338	-0.2803433335539989	-0.1998879999999872	-524.8062904565318	-736.0419081520739
H1C1_0	H1C1N1_0	nan	H2_0	C2N1_0	nan	nan	nan	339	-0.028112698223000443	-0.010509000000013202	-27.591397714795164	-73.80993791091882
H1C1_0	H1C1N1_1	nan	H2_0	C2N1_0	nan	nan	nan	339	-0.06001952895800056	-0.03416599999999903	-89.70289221833481	-157.58137730828605
H1N1_0	H2C1_0	nan	H1_0	H2C1N1_1	nan	nan	nan	340	-0.17871773850499914	-0.10495699999999886	-275.56478541707924	-469.223732208012
H1N1_0	H2C1_0	nan	H1_0	H1_0	H1C1N1_0	nan	nan	341	-0.1191687461229991	-0.05618999999998664	-147.52694239147627	-312.8777494955744
H1N1_0	H2C1_0	nan	H1_0	H1_0	H1C1N1_1	nan	nan	341	-0.08726191538799899	-0.0325329999999866	-85.4154478878993	-229.10631009820716
H1N1_0	H2C1_0	nan	H2_0	H1C1N1_0	nan	nan	nan	342	-0.3148887068959993	-0.2292059999999907	-601.7807502720657	-826.7408457373836
H1N1_0	H2C1_0	nan	H2_0	H1C1N1_1	nan	nan	nan	342	-0.28298187616099924	-0.20554899999999066	-539.6692557684887	-742.9694063400163
N1_0	H2C2N1_10	nan	C1N1_0	H2C1N1_1	nan	nan	nan	343	-0.14099631630999987	-0.014810999999980368	-38.886306171165295	-370.1860728542562
H1C2_0	H2C1_0	nan	H1C1_0	H2C2_0	nan	nan	nan	344	-0.042303008372999606	-0.06271600000000888	-164.66096670274663	-111.06662180514566
H2C1_0	H2C2_0	nan	H2_0	H2C3_1	nan	nan	nan	345	-0.031237581147999908	-0.018926000000007548	-49.6902458035746	-82.01432344671903
H2C1_0	H2C2_0	nan	H2_0	H2C3_2	nan	nan	nan	345	-0.030740152373999408	-0.021504000000007295	-56.45878927190133	-80.70832333841058
H2C1_0	H2C2_0	nan	H2_0	H2C3_3	nan	nan	nan	345	-0.05184661489500009	-0.0430549999999954	-113.04097712521518	-136.12337727014682
H2C1_0	H3C2_0	nan	H2C2_0	H3C1_0	nan	nan	nan	346	-0.1397847578819995	-0.11853999999998166	-311.2269754598157	-367.0051241016035
H3C1_0	H3C2_0	nan	H2C2_0	H4C1_0	nan	nan	nan	347	-0.15654455604700068	-0.1122919999999965	-294.8228406304872	-411.008003232792
C2_0	H4C1_0	nan	H1C2_0	H3C1_0	nan	nan	nan	348	0.0800333363559993	0.0014920000000131495	3.9172485860486703	210.12766332073247
H1C2_0	H4C1_0	nan	H2C2_0	H3C1_0	nan	nan	nan	349	-0.01661880874999966	-0.052451999999988175	-137.71281691257886	-43.632711177731686
H1C2_0	H1C2_0	nan	C2_0	H2C2_0	nan	nan	nan	350	-0.09665214510599897	-0.053944000000029746	-141.63006549870215	-253.76037449846416
H1C2_0	H3C2_0	nan	H2C2_0	H2C2_0	nan	nan	nan	351	-0.17316336479700034	-0.16474399999998468	-432.53565754306607	-454.64071441052374
H2C2_0	H2C3_1	nan	H2C2_0	H2C3_1	nan	nan	nan	352	0.0	0.0	0.0	0.0
H2C2_0	H2C3_1	nan	H2C2_0	H2C3_2	nan	nan	nan	352	0.0004974287739987204	-0.002577999999999747	-6.768543468326729	1.3060001083037789
H2C2_0	H2C3_1	nan	H2C2_0	H2C3_3	nan	nan	nan	352	-0.020609033747000183	-0.024128999999987855	-63.35073132164059	-54.10905382342781
H2C2_0	H2C3_2	nan	H2C2_0	H2C3_1	nan	nan	nan	352	-0.0004974287739987204	0.002577999999999747	6.768543468326729	-1.3060001083037789
H2C2_0	H2C3_2	nan	H2C2_0	H2C3_2	nan	nan	nan	352	0.0	0.0	0.0	0.0
H2C2_0	H2C3_2	nan	H2C2_0	H2C3_3	nan	nan	nan	352	-0.021106462520998903	-0.021550999999988107	-56.58218785331386	-55.41505393173159
H2C2_0	H2C3_3	nan	H2C2_0	H2C3_1	nan	nan	nan	352	0.020609033747000183	0.024128999999987855	63.35073132164059	54.10905382342781
H2C2_0	H2C3_3	nan	H2C2_0	H2C3_2	nan	nan	nan	352	0.021106462520998903	0.021550999999988107	56.58218785331386	55.41505393173159
H2C2_0	H2C3_3	nan	H2C2_0	H2C3_3	nan	nan	nan	352	0.0	0.0	0.0	0.0
H2N1_0	H4C1_0	nan	H3C1_0	H3N1_0	nan	nan	nan	353	-0.0050701549359999385	-0.0034749999999945658	-9.123618523041468	-13.31170057233137
H2N1_0	H2C2_0	nan	H1C2_0	H3N1_0	nan	nan	nan	354	0.01154865381399972	0.0489769999999794	128.5891983895001	30.321010605400325
O1_0	H2C3_1	nan	H1C1O1_0	H1C2_0	nan	nan	nan	360	-0.1808332638129997	-0.06220300000001089	-163.3140843135929	-474.7780475709089
O1_0	H2C3_2	nan	H1C1O1_0	H1C2_0	nan	nan	nan	360	-0.1813306925870002	-0.05962500000001114	-156.54554084526617	-476.0840476792174
O1_0	H2C3_3	nan	H1C1O1_0	H1C2_0	nan	nan	nan	360	-0.1602242300659995	-0.038074000000023034	-99.9633529919523	-420.6689937474811
O1_0	H2C3_1	nan	H1_0	C1O1_0	H1C2_0	nan	nan	361	-0.1010111498709989	-0.03204700000000571	-84.13945404558827	-265.2049490642315
O1_0	H2C3_2	nan	H1_0	C1O1_0	H1C2_0	nan	nan	361	-0.1015085786449994	-0.029469000000005963	-77.37091057726155	-266.51094917254
O1_0	H2C3_3	nan	H1_0	C1O1_0	H1C2_0	nan	nan	361	-0.08040211612399872	-0.007918000000017855	-20.78872272394769	-211.09589524080374
H1O1_0	H2C3_1	nan	H1_0	C1O1_0	H2C2_0	nan	nan	362	-0.07092462185499926	-0.09049199999998336	-237.58690284552748	-186.21271761064602
H1O1_0	H2C3_2	nan	H1_0	C1O1_0	H2C2_0	nan	nan	362	-0.07142205062899976	-0.08791399999998362	-230.81835937720072	-187.51871771895446
H1O1_0	H2C3_3	nan	H1_0	C1O1_0	H2C2_0	nan	nan	362	-0.05031558810799908	-0.06636299999999551	-174.23617152388684	-132.10366378721824
