formula	E_tot	H(0K)	Spin	pwd_struct	Mass	Na	ID
H1	-0.393482763910	-0.39348276391	0.5	molecules/H1/H1_0.xtbopt.xyz	1.00784	1	H1_0
C1	-1.795110518160	-1.79511051816	0.0	molecules/C1/C1_0.xtbopt.xyz	12.0107	1	C1_0
N1	-2.609452454822	-2.609452454822	0.5	molecules/N1/N1_0.xtbopt.xyz	14.0067	1	N1_0
O1	-3.769421097344	-3.769421097344	0.0	molecules/O1/O1_0.xtbopt.xyz	15.999	1	O1_0
H2	-0.982685488593	-0.9741670784809999	0.0	molecules/H2/H2_0.xtbopt.xyz	2.01568	2	H2_0
H1C1	-2.380917295333	-2.374628599853	0.5	molecules/H1C1/H1C1_0.xtbopt.xyz	13.01854	2	H1C1_0
H1N1	-3.204381467164	-3.196907851912	0.0	molecules/H1N1/H1N1_0.xtbopt.xyz	15.01454	2	H1N1_0
H1O1	-4.428374815809	-4.4202422592929995	0.5	molecules/H1O1/H1O1_0.xtbopt.xyz	17.00684	2	H1O1_0
C2	-4.045689274457	-4.040266867898	0.0	molecules/C2/C2_0.xtbopt.xyz	24.0214	2	C2_0
C1N1	-4.895973788310	-4.890574981359	0.5	molecules/C1N1/C1N1_0.xtbopt.xyz	26.017400000000002	2	C1N1_0
C1O1	-6.121850243718	-6.116788112698	0.0	molecules/C1O1/C1O1_0.xtbopt.xyz	28.009700000000002	2	C1O1_0
N2	-5.763935392238	-5.758384140671001	0.0	molecules/N2/N2_0.xtbopt.xyz	28.0134	2	N2_0
N1O1	-6.828340823349	-6.823891850472	0.5	molecules/N1O1/N1O1_0.xtbopt.xyz	30.0057	2	N1O1_0
O2	-7.906752299720	-7.903038191145	0.0	molecules/O2/O2_0.xtbopt.xyz	31.998	2	O2_0
H2C1	-2.967481477409	-2.951219914873	0.0	molecules/H2C1/H2C1_0.xtbopt.xyz	14.02638	3	H2C1_0
H2N1	-3.808925499007	-3.790465560842	0.5	molecules/H2N1/H2N1_0.xtbopt.xyz	16.022380000000002	3	H2N1_0
H2O1	-5.070544095033	-5.050425709926	0.0	molecules/H2O1/H2O1_0.xtbopt.xyz	18.014680000000002	3	H2O1_0
H1C2	-4.577904319800	-4.563714951061	0.5	molecules/H1C2/H1C2_0.xtbopt.xyz	25.02924	3	H1C2_0
H1C1N1	-5.504066162876	-5.487807876418	0.0	molecules/H1C1N1/H1C1N1_0.xtbopt.xyz	27.02524	3	H1C1N1_0
H1C1N1	-5.472159332141	-5.456413684720999	0.0	molecules/H1C1N1/H1C1N1_1.xtbopt.xyz	27.02524	3	H1C1N1_1
H1C1O1	-6.595155121570	-6.582062613857	0.5	molecules/H1C1O1/H1C1O1_1.xtbopt.xyz	29.01754	3	H1C1O1_0
H1C1O1	-6.525376420077	-6.513179661314	0.5	molecules/H1C1O1/H1C1O1_0.xtbopt.xyz	29.01754	3	H1C1O1_1
H1N1O1	-7.300259369405	-7.288125450170001	0.0	molecules/H1N1O1/H1N1O1_0.xtbopt.xyz	31.01354	3	H1N1O1_0
H1N1O1	-7.352959527087	-7.339592431302	0.0	molecules/H1N1O1/H1N1O1_1.xtbopt.xyz	31.01354	3	H1N1O1_1
H1O2	-8.459628246099	-8.446345000765	0.5	molecules/H1O2/H1O2_0.xtbopt.xyz	33.00584	3	H1O2_0
C3	-6.091562872798	-6.083617684031	0.0	molecules/C3/C3_0.xtbopt.xyz	36.0321	3	C3_0
C3	-6.013162287290	-6.0092966683830005	1.0	molecules/C3/C3_1.xtbopt.xyz	36.0321	3	C3_1
C2N1	-6.930410667839	-6.921901731082	0.5	molecules/C2N1/C2N1_0.xtbopt.xyz	38.0281	3	C2N1_0
C2N1	-6.900175621906	-6.893015508326	0.5	molecules/C2N1/C2N1_2.xtbopt.xyz	38.0281	3	C2N1_1
C2N1	-6.933750040407	-6.925460003272001	0.5	molecules/C2N1/C2N1_1.xtbopt.xyz	38.0281	3	C2N1_2
C2O1	-8.086351027664	-8.077753513279	0.0	molecules/C2O1/C2O1_2.xtbopt.xyz	40.0204	3	C2O1_0
C2O1	-8.123754995299	-8.114979412458	0.0	molecules/C2O1/C2O1_0.xtbopt.xyz	40.0204	3	C2O1_1
C1N1O1	-8.926686931850	-8.917669426802	0.5	molecules/C1N1O1/C1N1O1_1.xtbopt.xyz	42.016400000000004	3	C1N1O1_0
C1N1O1	-9.024303713664	-9.014395047189	0.5	molecules/C1N1O1/C1N1O1_0.xtbopt.xyz	42.016400000000004	3	C1N1O1_1
C1N1O1	-8.745430980994	-8.738906116165	1.5	molecules/C1N1O1/C1N1O1_2.xtbopt.xyz	42.016400000000004	3	C1N1O1_2
C1N1O1	-8.879992189623	-8.871965520347	0.5	molecules/C1N1O1/C1N1O1_3.xtbopt.xyz	42.016400000000004	3	C1N1O1_3
C1O2	-9.917956657785	-9.911312045386	1.0	molecules/C1O2/C1O2_1.xtbopt.xyz	44.008700000000005	3	C1O2_0
C1O2	-10.308452201565	-10.296561789658	0.0	molecules/C1O2/C1O2_0.xtbopt.xyz	44.008700000000005	3	C1O2_1
C1O2	-10.067745404366	-10.059717397196001	0.0	molecules/C1O2/C1O2_2.xtbopt.xyz	44.008700000000005	3	C1O2_2
N2O1	-9.590982803582	-9.58355012383	1.0	molecules/N2O1/N2O1_0.xtbopt.xyz	44.0124	3	N2O1_0
N2O1	-9.844933799138	-9.833089910801	0.0	molecules/N2O1/N2O1_1.xtbopt.xyz	44.0124	3	N2O1_1
N2O1	-9.710074899398	-9.702433018537	0.0	molecules/N2O1/N2O1_2.xtbopt.xyz	44.0124	3	N2O1_2
N1O2	-10.906101729568	-10.896966319327	0.5	molecules/N1O2/N1O2_0.xtbopt.xyz	46.0047	3	N1O2_0
N1O2	-10.790883917655	-10.783251194044	0.5	molecules/N1O2/N1O2_2.xtbopt.xyz	46.0047	3	N1O2_1
N1O2	-10.779059654639	-10.771288051676999	0.5	molecules/N1O2/N1O2_1.xtbopt.xyz	46.0047	3	N1O2_2
H3C1	-3.562970060943	-3.533711028748	0.5	molecules/H3C1/H3C1_0.xtbopt.xyz	15.034220000000001	4	H3C1_0
H3N1	-4.426244035642	-4.392698515699	0.0	molecules/H3N1/H3N1_0.xtbopt.xyz	17.03022	4	H3N1_0
H2C2	-5.206771510249	-5.180303566775001	0.0	molecules/H2C2/H2C2_1.xtbopt.xyz	26.03708	4	H2C2_0
H2C2	-5.120053800655	-5.097067289282999	0.0	molecules/H2C2/H2C2_0.xtbopt.xyz	26.03708	4	H2C2_1
H2C1N1	-5.900453674913	-5.8757486953189995	0.5	molecules/H2C1N1/H2C1N1_2.xtbopt.xyz	28.033079999999998	4	H2C1N1_0
H2C1N1	-5.957097919168	-5.933035603984999	0.5	molecules/H2C1N1/H2C1N1_0.xtbopt.xyz	28.033079999999998	4	H2C1N1_1
H2C1N1	-5.946140777776	-5.922082769886	0.5	molecules/H2C1N1/H2C1N1_1.xtbopt.xyz	28.033079999999998	4	H2C1N1_2
H2C1O1	-7.175648049971	-7.150103971339	0.0	molecules/H2C1O1/H2C1O1_1.xtbopt.xyz	30.02538	4	H2C1O1_0
H2C1O1	-7.093177437092	-7.068170864991	0.0	molecules/H2C1O1/H2C1O1_0.xtbopt.xyz	30.02538	4	H2C1O1_1
H2O2	-9.054669517930	-9.029731951531	0.0	molecules/H2O2/H2O2_0.xtbopt.xyz	34.01368	4	H2O2_0
H1C3	-6.561225035963	-6.545429866887	0.5	molecules/H1C3/H1C3_0.xtbopt.xyz	37.03994	4	H1C3_0
H1C3	-6.653013595120	-6.634539479409	0.5	molecules/H1C3/H1C3_1.xtbopt.xyz	37.03994	4	H1C3_1
H1C3	-6.631266471910	-6.613842543159	0.5	molecules/H1C3/H1C3_2.xtbopt.xyz	37.03994	4	H1C3_2
C4	-8.145912510487	-8.13342766624	0.0	molecules/C4/C4_4.xtbopt.xyz	48.0428	4	C4_0
C4	-8.122483945526	-8.109475558725	1.0	molecules/C4/C4_5.xtbopt.xyz	48.0428	4	C4_1
C4	-8.132038873185	-8.120848330363	0.0	molecules/C4/C4_2.xtbopt.xyz	48.0428	4	C4_2
C4	-8.200617970029	-8.187277223081	0.0	molecules/C4/C4_1.xtbopt.xyz	48.0428	4	C4_3
C4	-8.011989970609	-8.001762170994999	1.0	molecules/C4/C4_0.xtbopt.xyz	48.0428	4	C4_4
C3N1	-8.983448756086	-8.971125871445	0.5	molecules/C3N1/C3N1_10.xtbopt.xyz	50.0388	4	C3N1_0
C3N1	-8.912874099386	-8.900136570294	1.5	molecules/C3N1/C3N1_8.xtbopt.xyz	50.0388	4	C3N1_1
C3N1	-9.042349664780	-9.029340945633999	0.5	molecules/C3N1/C3N1_6.xtbopt.xyz	50.0388	4	C3N1_2
C3N1	-8.979183591683	-8.96931324913	0.5	molecules/C3N1/C3N1_7.xtbopt.xyz	50.0388	4	C3N1_3
C3N1	-8.979181931809	-8.969287438276	0.5	molecules/C3N1/C3N1_9.xtbopt.xyz	50.0388	4	C3N1_4
C3N1	-8.993327442512	-8.981125677857	0.5	molecules/C3N1/C3N1_5.xtbopt.xyz	50.0388	4	C3N1_5
C3N1	-9.099402677653	-9.084761881779	0.5	molecules/C3N1/C3N1_2.xtbopt.xyz	50.0388	4	C3N1_6
C3N1	-9.066215317197	-9.052538893242001	0.5	molecules/C3N1/C3N1_3.xtbopt.xyz	50.0388	4	C3N1_7
C3N1	-8.997020055205	-8.985685463761001	0.5	molecules/C3N1/C3N1_4.xtbopt.xyz	50.0388	4	C3N1_8
C3O1	-10.158146959937	-10.14748784368	0.0	molecules/C3O1/C3O1_6.xtbopt.xyz	52.0311	4	C3O1_0
C3O1	-10.312361711228	-10.296983490712	0.0	molecules/C3O1/C3O1_1.xtbopt.xyz	52.0311	4	C3O1_1
C3O1	-10.187327751796	-10.17480101388	0.0	molecules/C3O1/C3O1_3.xtbopt.xyz	52.0311	4	C3O1_2
C3O1	-10.199934618477	-10.185367758764	1.0	molecules/C3O1/C3O1_4.xtbopt.xyz	52.0311	4	C3O1_3
C3O1	-10.158146842202	-10.147484506385998	0.0	molecules/C3O1/C3O1_5.xtbopt.xyz	52.0311	4	C3O1_4
C3O1	-10.214269428044	-10.199756883933	0.0	molecules/C3O1/C3O1_2.xtbopt.xyz	52.0311	4	C3O1_5
H4C1	-4.175218442642	-4.130409804228999	0.0	molecules/H4C1/H4C1_0.xtbopt.xyz	16.04206	5	H4C1_0
H3C2	-5.662475335901	-5.627283819106	0.5	molecules/H3C2/H3C2_1.xtbopt.xyz	27.04492	5	H3C2_0
H3C2	-5.584891184894	-5.550524274510001	0.5	molecules/H3C2/H3C2_0.xtbopt.xyz	27.04492	5	H3C2_1
H3C1N1	-6.475269923617	-6.437776720206999	0.0	molecules/H3C1N1/H3C1N1_2.xtbopt.xyz	29.04092	5	H3C1N1_0
H3C1N1	-6.301697988378	-6.265554235141	0.0	molecules/H3C1N1/H3C1N1_3.xtbopt.xyz	29.04092	5	H3C1N1_1
H3C1N1	-6.535557485983	-6.497212221052	0.0	molecules/H3C1N1/H3C1N1_1.xtbopt.xyz	29.04092	5	H3C1N1_2
H3C1N1	-6.415860593908	-6.381013424032999	0.0	molecules/H3C1N1/H3C1N1_0.xtbopt.xyz	29.04092	5	H3C1N1_3
H3C1O1	-7.627255536597	-7.593619471636	0.5	molecules/H3C1O1/H3C1O1_0.xtbopt.xyz	31.03322	5	H3C1O1_0
H3C1O1	-7.623149406171	-7.593157304516	0.5	molecules/H3C1O1/H3C1O1_1.xtbopt.xyz	31.03322	5	H3C1O1_1
H2C3	-7.138640289150	-7.111482767719	0.0	molecules/H2C3/H2C3_4.xtbopt.xyz	38.04778	5	H2C3_0
H2C3	-7.222805080213	-7.195306008501	0.0	molecules/H2C3/H2C3_3.xtbopt.xyz	38.04778	5	H2C3_1
H2C3	-7.222307651439	-7.192687569297	0.0	molecules/H2C3/H2C3_2.xtbopt.xyz	38.04778	5	H2C3_2
H2C3	-7.243414113960	-7.211950935288	0.0	molecules/H2C3/H2C3_5.xtbopt.xyz	38.04778	5	H2C3_3
H2C2N1	-8.014698810896	-7.986178786493	0.5	molecules/H2C2N1/H2C2N1_12.xtbopt.xyz	40.04378	5	H2C2N1_0
H2C2N1	-8.043567291031	-8.016017602150999	0.5	molecules/H2C2N1/H2C2N1_9.xtbopt.xyz	40.04378	5	H2C2N1_1
H2C2N1	-7.878659732602	-7.8500146032860005	1.5	molecules/H2C2N1/H2C2N1_7.xtbopt.xyz	40.04378	5	H2C2N1_2
H2C2N1	-7.826525186156	-7.801603386782	1.5	molecules/H2C2N1/H2C2N1_0.xtbopt.xyz	40.04378	5	H2C2N1_3
H2C2N1	-7.914456340269	-7.884667639289	1.5	molecules/H2C2N1/H2C2N1_1.xtbopt.xyz	40.04378	5	H2C2N1_4
H2C2N1	-8.070212495143	-8.040251719765001	0.5	molecules/H2C2N1/H2C2N1_8.xtbopt.xyz	40.04378	5	H2C2N1_5
H2C2N1	-8.008881628926	-7.978361645705	0.5	molecules/H2C2N1/H2C2N1_11.xtbopt.xyz	40.04378	5	H2C2N1_6
H2C2N1	-8.020208053066	-7.988251573713	0.5	molecules/H2C2N1/H2C2N1_10.xtbopt.xyz	40.04378	5	H2C2N1_7
H2C2N1	-8.023390865908	-7.9925184201890005	0.5	molecules/H2C2N1/H2C2N1_3.xtbopt.xyz	40.04378	5	H2C2N1_8
H2C2N1	-8.075942339427	-8.046950073772999	0.5	molecules/H2C2N1/H2C2N1_4.xtbopt.xyz	40.04378	5	H2C2N1_9
H2C2N1	-8.102622936346	-8.072307950796	0.5	molecules/H2C2N1/H2C2N1_5.xtbopt.xyz	40.04378	5	H2C2N1_10
H2C2N1	-7.936942382734	-7.90865434919	1.5	molecules/H2C2N1/H2C2N1_2.xtbopt.xyz	40.04378	5	H2C2N1_11
H2C2N1	-7.955659569291	-7.924097301773	0.5	molecules/H2C2N1/H2C2N1_13.xtbopt.xyz	40.04378	5	H2C2N1_12
H2C2O1	-9.278695993134	-9.248339587098	0.0	molecules/H2C2O1/H2C2O1_4.xtbopt.xyz	42.03608	5	H2C2O1_0
H2C2O1	-9.318186584677	-9.287282641963	0.0	molecules/H2C2O1/H2C2O1_3.xtbopt.xyz	42.03608	5	H2C2O1_1
H2C2O1	-9.099386286164	-9.070863299738	1.0	molecules/H2C2O1/H2C2O1_2.xtbopt.xyz	42.03608	5	H2C2O1_2
H2C2O1	-9.048749899886	-9.023578368503	1.0	molecules/H2C2O1/H2C2O1_0.xtbopt.xyz	42.03608	5	H2C2O1_3
H2C2O1	-9.157861059443	-9.12873208788	1.0	molecules/H2C2O1/H2C2O1_1.xtbopt.xyz	42.03608	5	H2C2O1_4
H2C2O1	-9.166492723782	-9.137001121726	0.0	molecules/H2C2O1/H2C2O1_6.xtbopt.xyz	42.03608	5	H2C2O1_5
H2C2O1	-9.216512528619	-9.187556683195	0.0	molecules/H2C2O1/H2C2O1_8.xtbopt.xyz	42.03608	5	H2C2O1_6
H2C2O1	-9.227394683816	-9.195114982018	0.0	molecules/H2C2O1/H2C2O1_7.xtbopt.xyz	42.03608	5	H2C2O1_7
H2C2O1	-9.103403668854	-9.075514619505	1.0	molecules/H2C2O1/H2C2O1_5.xtbopt.xyz	42.03608	5	H2C2O1_8
H2C1N2	-8.870727379509	-8.838554663497	0.0	molecules/H2C1N2/H2C1N2_11.xtbopt.xyz	42.03978	5	H2C1N2_0
H2C1N2	-8.902090818429	-8.870901157091	0.0	molecules/H2C1N2/H2C1N2_4.xtbopt.xyz	42.03978	5	H2C1N2_1
H2C1N2	-8.821908146721	-8.792347893525001	1.0	molecules/H2C1N2/H2C1N2_3.xtbopt.xyz	42.03978	5	H2C1N2_2
H2C1N2	-8.727215887063	-8.698035953983	1.0	molecules/H2C1N2/H2C1N2_2.xtbopt.xyz	42.03978	5	H2C1N2_3
H2C1N2	-8.827750541177	-8.795172566028	0.0	molecules/H2C1N2/H2C1N2_10.xtbopt.xyz	42.03978	5	H2C1N2_4
H2C1N2	-8.826434941162	-8.795471305426	0.0	molecules/H2C1N2/H2C1N2_12.xtbopt.xyz	42.03978	5	H2C1N2_5
H2C1N2	-8.808330286327	-8.780311165891	1.0	molecules/H2C1N2/H2C1N2_7.xtbopt.xyz	42.03978	5	H2C1N2_6
H2C1N2	-8.968724613411	-8.936740001376	0.0	molecules/H2C1N2/H2C1N2_9.xtbopt.xyz	42.03978	5	H2C1N2_7
H2C1N2	-8.890718868030	-8.857361244487999	0.0	molecules/H2C1N2/H2C1N2_13.xtbopt.xyz	42.03978	5	H2C1N2_8
H2C1N2	-8.956918658263	-8.924270774538	0.0	molecules/H2C1N2/H2C1N2_8.xtbopt.xyz	42.03978	5	H2C1N2_9
H2C1N2	-8.688496214925	-8.663960538463	1.0	molecules/H2C1N2/H2C1N2_6.xtbopt.xyz	42.03978	5	H2C1N2_10
H2C1N2	-8.746349098422	-8.716648317001999	1.0	molecules/H2C1N2/H2C1N2_1.xtbopt.xyz	42.03978	5	H2C1N2_11
H2C1N2	-8.887383162953	-8.855039246611	0.0	molecules/H2C1N2/H2C1N2_5.xtbopt.xyz	42.03978	5	H2C1N2_12
H2C1O2	-11.177884057573	-11.145471876421999	0.0	molecules/H2C1O2/H2C1O2_5.xtbopt.xyz	46.02438	5	H2C1O2_0
H2C1O2	-11.089675299548	-11.062488548707	1.0	molecules/H2C1O2/H2C1O2_0.xtbopt.xyz	46.02438	5	H2C1O2_1
H2C1O2	-11.271707076094	-11.240238319689	0.0	molecules/H2C1O2/H2C1O2_1.xtbopt.xyz	46.02438	5	H2C1O2_2
H2C1O2	-11.128182925649	-11.097795578908	0.0	molecules/H2C1O2/H2C1O2_3.xtbopt.xyz	46.02438	5	H2C1O2_3
H2C1O2	-11.127887822900	-11.099066505979	0.0	molecules/H2C1O2/H2C1O2_4.xtbopt.xyz	46.02438	5	H2C1O2_4
H2C1O2	-11.197756609992	-11.166563881568	0.0	molecules/H2C1O2/H2C1O2_2.xtbopt.xyz	46.02438	5	H2C1O2_5
H1C4	-8.635427013057	-8.611617217854	1.5	molecules/H1C4/H1C4_9.xtbopt.xyz	49.05064	5	H1C4_0
H1C4	-8.727762815416	-8.704882679388	0.5	molecules/H1C4/H1C4_6.xtbopt.xyz	49.05064	5	H1C4_1
H1C4	-8.714389178372	-8.691564237967	0.5	molecules/H1C4/H1C4_8.xtbopt.xyz	49.05064	5	H1C4_2
H1C4	-8.716495788187	-8.692500306569	0.5	molecules/H1C4/H1C4_10.xtbopt.xyz	49.05064	5	H1C4_3
H1C4	-8.571297788743	-8.550595183833	1.5	molecules/H1C4/H1C4_5.xtbopt.xyz	49.05064	5	H1C4_4
H1C4	-8.798609990503	-8.774442728115	0.5	molecules/H1C4/H1C4_2.xtbopt.xyz	49.05064	5	H1C4_5
H1C4	-8.708806882003	-8.687330795423	0.5	molecules/H1C4/H1C4_3.xtbopt.xyz	49.05064	5	H1C4_6
H1C4	-8.645667183470	-8.622838616733	1.5	molecules/H1C4/H1C4_4.xtbopt.xyz	49.05064	5	H1C4_7
H1C3N1	-9.593121331736	-9.569151460045001	0.0	molecules/H1C3N1/H1C3N1_19.xtbopt.xyz	51.046640000000004	5	H1C3N1_0
H1C3N1	-9.513658205822	-9.490123847311	1.0	molecules/H1C3N1/H1C3N1_26.xtbopt.xyz	51.046640000000004	5	H1C3N1_1
H1C3N1	-9.480127826916	-9.458798162604	1.0	molecules/H1C3N1/H1C3N1_21.xtbopt.xyz	51.046640000000004	5	H1C3N1_2
H1C3N1	-9.539704150387	-9.515926723651999	0.0	molecules/H1C3N1/H1C3N1_29.xtbopt.xyz	51.046640000000004	5	H1C3N1_3
H1C3N1	-9.502131630547	-9.478518632858	1.0	molecules/H1C3N1/H1C3N1_17.xtbopt.xyz	51.046640000000004	5	H1C3N1_4
H1C3N1	-9.463961379485	-9.43979505314	1.0	molecules/H1C3N1/H1C3N1_28.xtbopt.xyz	51.046640000000004	5	H1C3N1_5
H1C3N1	-9.484756540632	-9.461605958357	1.0	molecules/H1C3N1/H1C3N1_10.xtbopt.xyz	51.046640000000004	5	H1C3N1_6
H1C3N1	-9.541266929991	-9.51808759373	1.0	molecules/H1C3N1/H1C3N1_7.xtbopt.xyz	51.046640000000004	5	H1C3N1_7
H1C3N1	-9.638884761560	-9.615234147966	0.0	molecules/H1C3N1/H1C3N1_9.xtbopt.xyz	51.046640000000004	5	H1C3N1_8
H1C3N1	-9.597384129425	-9.57514350183	0.0	molecules/H1C3N1/H1C3N1_11.xtbopt.xyz	51.046640000000004	5	H1C3N1_9
H1C3N1	-9.564233396823	-9.540355542371001	0.0	molecules/H1C3N1/H1C3N1_16.xtbopt.xyz	51.046640000000004	5	H1C3N1_10
H1C3N1	-9.547123373175	-9.521959080319998	1.0	molecules/H1C3N1/H1C3N1_20.xtbopt.xyz	51.046640000000004	5	H1C3N1_11
H1C3N1	-9.492611047069	-9.468395823405999	1.0	molecules/H1C3N1/H1C3N1_27.xtbopt.xyz	51.046640000000004	5	H1C3N1_12
H1C3N1	-9.654436753505	-9.629854724956	0.0	molecules/H1C3N1/H1C3N1_8.xtbopt.xyz	51.046640000000004	5	H1C3N1_13
H1C3N1	-9.632803491410	-9.609046107287	0.0	molecules/H1C3N1/H1C3N1_6.xtbopt.xyz	51.046640000000004	5	H1C3N1_14
H1C3N1	-9.537905307937	-9.513010307723	0.0	molecules/H1C3N1/H1C3N1_33.xtbopt.xyz	51.046640000000004	5	H1C3N1_15
H1C3N1	-9.584861356501	-9.559823439561999	0.0	molecules/H1C3N1/H1C3N1_32.xtbopt.xyz	51.046640000000004	5	H1C3N1_16
H1C3N1	-9.541389220245	-9.519620881288999	1.0	molecules/H1C3N1/H1C3N1_22.xtbopt.xyz	51.046640000000004	5	H1C3N1_17
H1C3N1	-9.539704468228	-9.515914603066001	0.0	molecules/H1C3N1/H1C3N1_25.xtbopt.xyz	51.046640000000004	5	H1C3N1_18
H1C3N1	-9.521837975984	-9.4999564703	1.0	molecules/H1C3N1/H1C3N1_13.xtbopt.xyz	51.046640000000004	5	H1C3N1_19
H1C3N1	-9.452148170402	-9.431056066561	1.0	molecules/H1C3N1/H1C3N1_14.xtbopt.xyz	51.046640000000004	5	H1C3N1_20
H1C3N1	-9.726629127560	-9.700264022254	0.0	molecules/H1C3N1/H1C3N1_5.xtbopt.xyz	51.046640000000004	5	H1C3N1_21
H1C3N1	-9.600286789497	-9.575911550254	0.0	molecules/H1C3N1/H1C3N1_15.xtbopt.xyz	51.046640000000004	5	H1C3N1_22
H1C3N1	-9.694952572195	-9.669687143808	0.0	molecules/H1C3N1/H1C3N1_12.xtbopt.xyz	51.046640000000004	5	H1C3N1_23
H1C3N1	-9.597448622187	-9.573314251419001	0.0	molecules/H1C3N1/H1C3N1_24.xtbopt.xyz	51.046640000000004	5	H1C3N1_24
H1C3N1	-9.518089845215	-9.494170570569	1.0	molecules/H1C3N1/H1C3N1_23.xtbopt.xyz	51.046640000000004	5	H1C3N1_25
H1C3N1	-9.518090822992	-9.494153680722	1.0	molecules/H1C3N1/H1C3N1_30.xtbopt.xyz	51.046640000000004	5	H1C3N1_26
H1C3N1	-9.597448998914	-9.573304241395	0.0	molecules/H1C3N1/H1C3N1_31.xtbopt.xyz	51.046640000000004	5	H1C3N1_27
C5	-10.233196204961	-10.217314089346	0.0	molecules/C5/C5_13.xtbopt.xyz	60.0535	5	C5_0
C5	-10.328734389975	-10.310458929901001	0.0	molecules/C5/C5_2.xtbopt.xyz	60.0535	5	C5_1
C5	-10.247510429472	-10.228937608542	0.0	molecules/C5/C5_12.xtbopt.xyz	60.0535	5	C5_2
C5	-9.970102284750	-9.957914417462	0.0	molecules/C5/C5_0.xtbopt.xyz	60.0535	5	C5_3
C5	-10.178269353925	-10.164885808366	1.0	molecules/C5/C5_19.xtbopt.xyz	60.0535	5	C5_4
C5	-10.189636426274	-10.175561272089999	1.0	molecules/C5/C5_9.xtbopt.xyz	60.0535	5	C5_5
C5	-10.228044596768	-10.210987653185999	0.0	molecules/C5/C5_8.xtbopt.xyz	60.0535	5	C5_6
C5	-10.247511142320	-10.228922663513	0.0	molecules/C5/C5_20.xtbopt.xyz	60.0535	5	C5_7
C5	-10.174003496876	-10.157085045757	1.0	molecules/C5/C5_18.xtbopt.xyz	60.0535	5	C5_8
C5	-10.231477662321	-10.215565926776	0.0	molecules/C5/C5_11.xtbopt.xyz	60.0535	5	C5_9
C5	-10.243021641107	-10.226094777476	1.0	molecules/C5/C5_6.xtbopt.xyz	60.0535	5	C5_10
C5	-10.169944697665	-10.153960222906	1.0	molecules/C5/C5_16.xtbopt.xyz	60.0535	5	C5_11
C5	-10.242975691258	-10.226376299946999	0.0	molecules/C5/C5_4.xtbopt.xyz	60.0535	5	C5_12
C4N1	-11.119689138736	-11.102328631236	0.5	molecules/C4N1/C4N1_19.xtbopt.xyz	62.0495	5	C4N1_0
C4N1	-11.088051296424	-11.070427700028	0.5	molecules/C4N1/C4N1_30.xtbopt.xyz	62.0495	5	C4N1_1
C4N1	-11.036963747125	-11.020398925174	0.5	molecules/C4N1/C4N1_52.xtbopt.xyz	62.0495	5	C4N1_2
C4N1	-11.062693191953	-11.044279206591	0.5	molecules/C4N1/C4N1_38.xtbopt.xyz	62.0495	5	C4N1_3
C4N1	-11.030301649686	-11.01336622902	0.5	molecules/C4N1/C4N1_53.xtbopt.xyz	62.0495	5	C4N1_4
C4N1	-10.947517127151	-10.93053141307	1.5	molecules/C4N1/C4N1_54.xtbopt.xyz	62.0495	5	C4N1_5
C4N1	-11.123824498425	-11.105150662963	0.5	molecules/C4N1/C4N1_21.xtbopt.xyz	62.0495	5	C4N1_6
C4N1	-11.157978255259	-11.140377682173	0.5	molecules/C4N1/C4N1_6.xtbopt.xyz	62.0495	5	C4N1_7
C4N1	-11.069186618341	-11.052494978349	0.5	molecules/C4N1/C4N1_28.xtbopt.xyz	62.0495	5	C4N1_8
C4N1	-11.030301483891	-11.013374400305	0.5	molecules/C4N1/C4N1_43.xtbopt.xyz	62.0495	5	C4N1_9
C4N1	-11.049274354306	-11.032586584152	0.5	molecules/C4N1/C4N1_44.xtbopt.xyz	62.0495	5	C4N1_10
C4N1	-11.088056167822	-11.070401190623	0.5	molecules/C4N1/C4N1_39.xtbopt.xyz	62.0495	5	C4N1_11
C4N1	-10.923658719227	-10.910461954380999	1.5	molecules/C4N1/C4N1_29.xtbopt.xyz	62.0495	5	C4N1_12
C4N1	-11.043327637384	-11.028368294037	0.5	molecules/C4N1/C4N1_35.xtbopt.xyz	62.0495	5	C4N1_13
C4N1	-11.043326573571	-11.028332543646998	0.5	molecules/C4N1/C4N1_16.xtbopt.xyz	62.0495	5	C4N1_14
C4N1	-11.076205534468	-11.059664747655	0.5	molecules/C4N1/C4N1_18.xtbopt.xyz	62.0495	5	C4N1_15
C4N1	-11.070620006113	-11.053632671462	0.5	molecules/C4N1/C4N1_20.xtbopt.xyz	62.0495	5	C4N1_16
C4N1	-11.026083986805	-11.009274235163	1.5	molecules/C4N1/C4N1_42.xtbopt.xyz	62.0495	5	C4N1_17
C4N1	-11.062693057981	-11.044269639576001	0.5	molecules/C4N1/C4N1_57.xtbopt.xyz	62.0495	5	C4N1_18
C4N1	-11.002391824373	-10.985968102469	1.5	molecules/C4N1/C4N1_34.xtbopt.xyz	62.0495	5	C4N1_19
C4N1	-11.076205232961	-11.059658101594	0.5	molecules/C4N1/C4N1_33.xtbopt.xyz	62.0495	5	C4N1_20
C4N1	-11.128739081254	-11.111271253465	0.5	molecules/C4N1/C4N1_7.xtbopt.xyz	62.0495	5	C4N1_21
C4N1	-11.070878229565	-11.05236671259	0.5	molecules/C4N1/C4N1_56.xtbopt.xyz	62.0495	5	C4N1_22
C4N1	-11.183185602889	-11.165061382924002	0.5	molecules/C4N1/C4N1_8.xtbopt.xyz	62.0495	5	C4N1_23
C4N1	-11.071354969785	-11.055180203482001	0.5	molecules/C4N1/C4N1_24.xtbopt.xyz	62.0495	5	C4N1_24
C4N1	-10.958230587514	-10.941123985501001	1.5	molecules/C4N1/C4N1_37.xtbopt.xyz	62.0495	5	C4N1_25
C4N1	-11.071021777938	-11.054708283031001	0.5	molecules/C4N1/C4N1_14.xtbopt.xyz	62.0495	5	C4N1_26
C4N1	-11.056860057167	-11.038264781158	0.5	molecules/C4N1/C4N1_48.xtbopt.xyz	62.0495	5	C4N1_27
C4N1	-11.151410259109	-11.132317701513	0.5	molecules/C4N1/C4N1_22.xtbopt.xyz	62.0495	5	C4N1_28
C4N1	-11.028918286268	-11.012213755397001	0.5	molecules/C4N1/C4N1_49.xtbopt.xyz	62.0495	5	C4N1_29
C4N1	-11.049361674021	-11.032607537627	0.5	molecules/C4N1/C4N1_40.xtbopt.xyz	62.0495	5	C4N1_30
C4N1	-11.062692769379	-11.04428353956	0.5	molecules/C4N1/C4N1_47.xtbopt.xyz	62.0495	5	C4N1_31
